Rk;Player;Pos;Age;Tm;G;GS;MP;FG;FGA;FG%;3P;3PA;3P%;2P;2PA;2P%;eFG%;FT;FTA;FT%;ORB;DRB;TRB;AST;STL;BLK;TOV;PF;PTS
1;Precious Achiuwa;C;23;TOR;12;0;20.4;3;7.7;0.391;0.4;2.3;0.179;2.6;5.3;0.484;0.418;2.3;2.8;0.848;2;5;7;1.3;0.2;0.6;1.3;1.6;8.8
2;Steven Adams;C;29;MEM;11;11;26.9;3;4.9;0.611;0;0;0;3;4.9;0.611;0.611;0.7;2.3;0.32;5.2;6.5;11.7;2.4;0.7;1.4;2.4;2.5;6.7
3;Bam Adebayo;C;25;MIA;11;11;34.8;7.1;13.2;0.538;0;0.3;0;7.1;12.9;0.549;0.538;3.5;4.2;0.848;2.3;5.8;8.1;3.5;1.2;0.9;3.4;3.4;17.7
4;Ochai Agbaji;SG;22;UTA;6;0;11.2;1.3;3.2;0.421;0;1;0;1.3;2.2;0.615;0.421;0.7;1.2;0.571;0.7;1;1.7;0.2;0;0;0;1;3.3
5;Santi Aldama;PF;22;MEM;12;12;27.1;3.5;8;0.438;1.1;3.8;0.289;2.4;4.3;0.569;0.505;1.1;1.7;0.65;1.9;4.2;6.1;0.9;0.8;1.1;0.6;2.6;9.2
6;Nickeil Alexander-Walker;SG;24;UTA;8;0;8.4;1.1;3.4;0.333;0.5;1.6;0.308;0.6;1.8;0.357;0.407;0.5;0.6;0.8;0;0.8;0.8;1.3;0.6;0.4;0.6;1.4;3.3
7;Grayson Allen;SG;27;MIL;11;10;26.8;3.2;7.5;0.422;2.1;4.9;0.426;1.1;2.6;0.414;0.56;2.4;2.5;0.929;0.7;2.1;2.8;2.7;0.8;0.3;1.7;1.7;10.8
8;Jarrett Allen;C;24;CLE;11;11;32.4;5.7;10.5;0.543;0;0.2;0;5.7;10.4;0.553;0.543;2.6;3.4;0.784;3.7;8;11.7;1.2;0.5;1.4;1.4;2.3;14.1
9;Jose Alvarado;PG;24;NOP;11;2;18.8;2.9;6.4;0.457;1.4;3.3;0.417;1.5;3.1;0.5;0.564;0.5;0.8;0.667;0.4;1.5;1.9;2.7;0.8;0.2;1.4;1.7;7.7
10;Kyle Anderson;PF;29;MIN;8;2;18.4;1.9;2.9;0.652;0.4;0.8;0.5;1.5;2.1;0.706;0.717;1.4;1.6;0.846;0.5;1.9;2.4;2.5;0.8;0.5;0.5;1.1;5.5
11;Giannis Antetokounmpo;PF;28;MIL;9;9;32.8;11.4;21.1;0.542;0.9;3.3;0.267;10.6;17.8;0.594;0.563;8;12.3;0.649;1.9;10.3;12.2;5.3;1.1;1.4;3.3;2.9;31.8
12;Thanasis Antetokounmpo;SF;30;MIL;5;0;2.4;0;0;0;0;0;0;0;0;0;0;0;0;0;0;0.4;0.4;0.2;0;0.2;0;0.2;0
13;Cole Anthony;PG;22;ORL;4;3;30.5;5.5;13.3;0.415;1.8;5;0.35;3.8;8.3;0.455;0.481;2.8;3.8;0.733;0.8;4;4.8;4.3;0.8;0.8;2;3.5;15.5
14;OG Anunoby;SF;25;TOR;12;12;35.6;6.3;13.3;0.472;2;5;0.4;4.3;8.3;0.515;0.547;2.3;2.9;0.8;1.3;5.1;6.4;1.8;3.1;0.8;2.1;3.6;16.8
15;Ryan Arcidiacono;PG;28;NYK;3;0;2;0;0.3;0;0;0.3;0;0;0;0;0;0;0;0;0;0.7;0.7;0.3;0.3;0;0;0.3;0
16;Deni Avdija;SF;22;WAS;11;8;19.5;1.6;4.8;0.34;0.5;2.1;0.217;1.2;2.7;0.433;0.387;0.8;1.1;0.75;0.5;3.6;4.2;1.4;0.4;0.6;0.8;2.7;4.5
17;Deandre Ayton;C;24;PHO;9;9;26.6;6.3;11.4;0.553;0.3;0.7;0.5;6;10.8;0.557;0.568;1.6;2.1;0.737;2.3;5.2;7.6;1.6;0.4;0.6;2.2;3.6;14.6
18;Udoka Azubuike;C;23;UTA;4;0;4.3;1;1.3;0.8;0;0;0;1;1.3;0.8;0.8;0;0;0;0.5;1.5;2;0.3;0.5;0.5;0.3;0.3;2
19;Patrick Baldwin Jr.;SF;20;GSW;2;0;2.5;0;0.5;0;0;0.5;0;0;0;0;0;0;0;0;0;0;0;0;0;0;0;0;0
20;Mo Bamba;C;24;ORL;11;0;14.3;2.5;4.8;0.509;0.6;2.2;0.292;1.8;2.6;0.69;0.575;0.5;0.8;0.556;0.6;2.9;3.5;0.9;0.2;0.6;0.6;2;6
21;Paolo Banchero;PF;20;ORL;11;11;34.6;8.1;17.5;0.461;1;3.9;0.256;7.1;13.6;0.52;0.49;6.4;8.3;0.769;0.8;7.5;8.3;3.6;0.7;0.9;3;2.4;23.5
22;Desmond Bane;SG;24;MEM;11;11;33.5;8.4;17.9;0.467;4;8.6;0.463;4.4;9.3;0.471;0.579;4;4.5;0.898;0.5;4.5;5.1;4.7;0.5;0.3;2.1;2.4;24.7
23;Dalano Banton;PG;23;TOR;11;0;8.4;1.5;3.6;0.425;0.5;1.5;0.294;1.1;2.1;0.522;0.488;0.5;0.7;0.75;0.4;0.7;1.1;0.7;0.4;0.5;0.5;0.8;4.1
24;Dominick Barlow;SF;19;SAS;1;0;10;1;3;0.333;0;2;0;1;1;1;0.333;0;0;0;0;1;1;3;0;0;0;2;2
25;Harrison Barnes;PF;30;SAC;10;10;32.3;3.4;8.4;0.405;0.7;3.4;0.206;2.7;5;0.54;0.446;3.4;4.3;0.791;1.1;4.6;5.7;2;0.7;0.1;1.1;1.4;10.9
26;Scottie Barnes;PF;21;TOR;11;11;31.5;5.7;12.5;0.457;1.5;4;0.364;4.3;8.5;0.5;0.514;1.3;1.7;0.737;1.9;4.8;6.7;5;0.8;0.5;2;1.5;14.2
27;RJ Barrett;SG;22;NYK;11;11;34.9;7;16.5;0.425;1.7;5.6;0.306;5.3;10.8;0.487;0.478;3.5;4.6;0.765;1;4.8;5.8;2.9;0.5;0.2;2.4;1.9;19.3
28;Will Barton;SG;32;WAS;11;0;24.2;3.4;8.6;0.389;1.3;3.6;0.35;2.1;5;0.418;0.463;0.8;0.9;0.9;0.4;2.8;3.2;2.5;0.6;0.2;1.3;1.4;8.8
29;Charles Bassey;C;22;SAS;3;0;14.7;2.7;4.3;0.615;0.3;1;0.333;2.3;3.3;0.7;0.654;1.7;2;0.833;1.7;4.3;6;1;1;1.3;0.3;2.7;7.3
30;Keita Bates-Diop;SF;27;SAS;11;2;13.2;2.7;5.3;0.517;0.4;1.2;0.308;2.4;4.1;0.578;0.552;1.5;1.7;0.842;1;1.3;2.3;0.5;0.5;0;1.3;0.5;7.3
31;Nicolas Batum;PF;34;LAC;12;1;17.6;1.3;3.1;0.405;0.8;2.3;0.333;0.5;0.8;0.6;0.527;0.6;0.8;0.778;0.8;2.9;3.7;1.6;0.4;0.8;0.9;2.6;3.8
32;Darius Bazley;PF;22;OKC;11;0;16.7;2.5;5.8;0.422;0.6;1.6;0.389;1.8;4.2;0.435;0.477;0.5;1;0.455;1.6;3.1;4.7;1.5;0.8;1.3;0.5;1.5;6
33;Bradley Beal;SG;29;WAS;9;9;35.1;8.2;15.8;0.521;1.4;4.4;0.325;6.8;11.3;0.598;0.567;3.7;4;0.917;0.7;2.9;3.6;5.7;0.9;0.8;2.7;2;21.6
34;Malik Beasley;SG;26;UTA;13;2;25;4.1;9.7;0.421;2.6;6.2;0.42;1.5;3.5;0.422;0.556;0.7;0.8;0.9;0.8;2.5;3.2;1;1;0.2;0.8;0.9;11.5
35;MarJon Beauchamp;SF;22;MIL;8;2;14;2.1;5.4;0.395;1.1;3.4;0.333;1;2;0.5;0.5;0.5;0.9;0.571;0.9;2.3;3.1;0.1;0.6;0.1;1.3;2.1;5.9
36;Patrick Beverley;PG;34;LAL;9;9;28.6;1.3;4.6;0.293;0.8;3;0.259;0.6;1.6;0.357;0.378;1.4;1.6;0.929;0.9;2.9;3.8;2.8;1.1;0.4;1;3.1;4.9
37;Saddiq Bey;SF;23;DET;12;12;32.2;5.2;11.7;0.443;1.8;5.8;0.319;3.3;5.9;0.563;0.521;4.9;5.4;0.908;1.1;3.7;4.8;1.4;0.8;0.3;1.5;1.8;17.1
38;Khem Birch;C;30;TOR;4;0;8.5;0.8;1.3;0.6;0.3;0.3;1;0.5;1;0.5;0.7;0.5;0.5;1;0.8;0.5;1.3;0.3;0.8;0.3;0.3;2;2.3
39;Goga Bitadze;C;23;IND;8;0;13.1;1.8;3.4;0.519;0.1;0.9;0.143;1.6;2.5;0.65;0.537;0.9;1.8;0.5;1.6;1.8;3.4;1.5;0.5;0.5;0.8;2.3;4.5
40;Bismack Biyombo;C;30;PHO;9;2;12.7;1.3;2.3;0.571;0;0;0;1.3;2.3;0.571;0.571;0.6;0.9;0.625;0.8;2.9;3.7;0.6;0.1;1.9;0.7;1.9;3.2
41;Buddy Boeheim;PG;23;DET;1;0;1;0;0;0;0;0;0;0;0;0;0;0;0;0;0;0;0;0;0;0;0;0;0
42;Bojan Bogdanovi?;PF;33;DET;12;12;30.6;6.3;12.8;0.487;3.1;6.8;0.457;3.2;6.1;0.521;0.607;3.7;4;0.917;0.5;2.6;3.1;1.7;0.5;0;1.7;1.8;19.3
43;Bol Bol;PF;23;ORL;12;7;22.9;4.5;6.7;0.675;0.6;1.3;0.438;3.9;5.3;0.734;0.719;1.8;2.1;0.84;1.4;5.4;6.8;0.5;0.2;2.1;1.7;1.7;11.3
44;Leandro Bolmaro;SG;22;UTA;3;0;7;0.7;2.3;0.286;0;0.7;0;0.7;1.7;0.4;0.286;0;0;0;0.3;0;0.3;0.7;0.7;0.3;0.7;1.3;1.3
45;Devin Booker;SG;26;PHO;11;11;36.5;9.7;19.9;0.489;2.4;5.9;0.4;7.4;14;0.526;0.548;5.7;6.6;0.863;0.7;3.5;4.2;5.5;1;0.5;2.8;2.3;27.5
46;Brandon Boston Jr.;SG;21;LAC;5;0;3.2;1;2;0.5;0.4;0.6;0.667;0.6;1.4;0.429;0.6;0.2;0.4;0.5;0.2;0.2;0.4;0;0;0;0;0.2;2.6
47;Chris Boucher;PF;30;TOR;9;0;19.7;3.7;7.1;0.516;1.2;3;0.407;2.4;4.1;0.595;0.602;1;1.7;0.6;1.9;2.8;4.7;0.7;0.8;1.1;0.9;3.2;9.6
48;James Bouknight;SG;22;CHO;12;0;19.6;2.4;7.2;0.337;0.9;3.8;0.244;1.5;3.4;0.439;0.401;0.8;1.2;0.643;0.3;2.3;2.6;1.8;0.5;0.3;1.2;1.8;6.5
49;Tony Bradley;C;25;CHI;3;0;2;0;0.3;0;0;0.3;0;0;0;0;0;0;0;0;0.3;1;1.3;0;0;0;0;0;0
50;Malaki Branham;SF;19;SAS;4;2;19.5;2;7;0.286;0.8;3.8;0.2;1.3;3.3;0.385;0.339;1.3;1.5;0.833;0.5;1.8;2.3;2;0.3;0;0.8;0.8;6
51;Christian Braun;SG;21;DEN;10;0;14.8;1.5;3.3;0.455;0.5;1.4;0.357;1;1.9;0.526;0.53;0.2;0.4;0.5;0.7;1.5;2.2;1.1;0.4;0.2;0.5;0.9;3.7
52;Mikal Bridges;SF;26;PHO;11;11;36.5;6.2;10.5;0.591;1.2;2.5;0.464;5;7.9;0.632;0.648;2.8;3.2;0.886;1.3;4;5.3;2.9;1.1;1.1;1.2;2.1;16.4
53;Oshae Brissett;SF;24;IND;6;0;8.5;0.3;1.8;0.182;0.2;1.2;0.143;0.2;0.7;0.25;0.227;0.2;0.3;0.5;0.5;0.8;1.3;0.3;0.2;0;0.3;0.3;1
54;Malcolm Brogdon;PG;30;BOS;11;0;23;4.8;10.1;0.477;1.3;3.5;0.368;3.5;6.6;0.534;0.541;2.8;3.3;0.861;0.9;2.9;3.8;3.5;0.5;0.2;2;1.3;13.7
55;Dillon Brooks;SG;27;MEM;9;9;28.9;5.6;13.8;0.403;2.2;5.2;0.426;3.3;8.6;0.39;0.484;1.2;1.9;0.647;0.4;3;3.4;2.3;0.8;0.2;1.3;3.3;14.6
56;Bruce Brown;PG;26;DEN;11;3;26.5;3.7;8.2;0.456;1.3;3.2;0.4;2.5;5;0.491;0.533;0.5;0.8;0.667;0.9;1.8;2.7;3.8;0.7;0.5;1.1;1.9;9.3
57;Greg Brown III;PF;21;POR;4;0;5.5;1.3;1.8;0.714;0;0;0;1.3;1.8;0.714;0.714;0;1.3;0;0;0.3;0.3;0;0.8;0.5;0.5;0.8;2.5
58;Jaylen Brown;SF;26;BOS;11;11;36.5;9.2;19.9;0.461;2.5;7.3;0.338;6.7;12.6;0.532;0.523;4.5;5.4;0.847;1.1;5.6;6.7;2.8;0.9;0.5;2.9;2.8;25.4
59;Moses Brown;C;23;LAC;6;0;4.2;1.3;1.8;0.727;0;0;0;1.3;1.8;0.727;0.727;0.3;0.8;0.4;0.5;1.2;1.7;0;0;0.5;0;0.7;3
60;Troy Brown Jr.;SF;23;LAL;9;7;27;4;8.8;0.456;1.4;4.3;0.333;2.6;4.4;0.575;0.538;0.9;0.9;1;1;4.4;5.4;0.9;0.6;0;1.1;2.2;10.3
61;Jalen Brunson;PG;26;NYK;11;11;33.5;7.3;14.9;0.488;1.2;4;0.295;6.1;10.9;0.558;0.527;3.5;4.2;0.826;0.5;3.5;4;6.8;0.7;0.2;1.8;2.4;19.2
62;Reggie Bullock;SF;31;DAL;10;10;29.9;1.6;5.5;0.291;1.3;4.3;0.302;0.3;1.2;0.25;0.409;0.3;0.5;0.6;0.5;2.3;2.8;0.9;1.1;0.2;0.7;3;4.8
63;Jimmy Butler;SF;33;MIA;9;9;35.3;6.6;14.3;0.457;1;2.7;0.375;5.6;11.7;0.476;0.492;6.8;7.7;0.884;1.9;4.2;6.1;5.7;2;0.2;1.7;1.3;20.9
64;John Butler;C;20;POR;1;0;9;1;2;0.5;0;1;0;1;1;1;0.5;0;0;0;0;1;1;0;0;1;0;0;2
65;Kentavious Caldwell-Pope;SG;29;DEN;10;10;31.4;4.2;8.1;0.519;2.5;4.6;0.543;1.7;3.5;0.486;0.673;0.8;1.1;0.727;0.4;3.6;4;2.9;1.6;0.4;1.4;2;11.7
66;Facundo Campazzo;PG;31;DAL;2;0;8;0.5;2;0.25;0.5;1.5;0.333;0;0.5;0;0.375;0;0;0;0;0;0;1.5;1.5;0;0;0.5;1.5
67;Vlatko ?an?ar;PF;25;DEN;4;0;2.8;0.3;0.5;0.5;0.3;0.3;1;0;0.3;0;0.75;0;0;0;0;0.5;0.5;0;0;0;0.3;0;0.8
68;Clint Capela;C;28;ATL;11;11;26.6;4.5;8.1;0.551;0;0;0;4.5;8.1;0.551;0.551;0.9;1.6;0.556;4;7;11;0.7;0.8;1.7;0.9;1.8;9.8
69;Vernon Carey Jr.;C;21;WAS;1;0;1;0;0;0;0;0;0;0;0;0;0;0;0;0;0;0;0;0;0;0;0;0;0
70;Jevon Carter;PG;27;MIL;11;11;26;3.1;7.4;0.42;1.5;4.1;0.378;1.5;3.3;0.472;0.525;0.4;0.5;0.8;0.5;1.9;2.5;2.8;1.6;0.7;1.4;3;8.1
71;Wendell Carter Jr.;C;23;ORL;12;12;32.8;5.5;10.8;0.512;1;3.1;0.324;4.5;7.7;0.587;0.558;3.7;4.4;0.83;2.2;7.3;9.4;2.9;0.7;0.4;2.5;3.6;15.7
72;Alex Caruso;PG;28;CHI;13;5;25.5;1.4;4.2;0.327;0.8;2.5;0.313;0.6;1.8;0.348;0.418;1.2;1.5;0.75;0.6;2.9;3.5;3.9;1.5;1;1.8;2.1;4.7
73;Justin Champagnie;SF;21;TOR;2;0;4.5;1.5;1.5;1;0;0;0;1.5;1.5;1;1;0;0;0;0.5;1;1.5;0;0;0;0;0.5;3
74;Kennedy Chandler;PG;20;MEM;5;0;9.2;0.8;2.8;0.286;0;0.6;0;0.8;2.2;0.364;0.286;0.2;0.8;0.25;0;0.6;0.6;2;0.4;0.4;1;0.4;1.8
75;Max Christie;SG;19;LAL;6;0;9;1;1.8;0.545;0.7;1;0.667;0.3;0.8;0.4;0.727;0.3;0.3;1;0.2;1.2;1.3;0.5;0.3;0;0.3;0.5;3
76;Josh Christopher;SG;21;HOU;8;0;8.6;1.4;3.5;0.393;0.1;1.4;0.091;1.3;2.1;0.588;0.411;0.1;0.3;0.5;0.4;1.3;1.6;0.6;0.3;0;0.6;0.6;3
77;Brandon Clarke;PF;26;MEM;12;1;18.2;3.9;6;0.653;0;0.4;0;3.9;5.6;0.701;0.653;1.8;2.4;0.759;0.8;3.2;4;1.3;0.3;0.8;1.3;2.6;9.7
78;Jordan Clarkson;SG;30;UTA;13;13;31;6.7;15.2;0.439;3.2;7.8;0.412;3.5;7.4;0.469;0.545;2;2.5;0.788;1.5;3.1;4.5;5.2;0.4;0.5;2.5;2.1;18.6
79;Nic Claxton;C;23;BRK;12;12;28.1;5.5;7.7;0.717;0;0.1;0;5.5;7.6;0.725;0.717;1.2;2.8;0.424;3.1;5.9;9;1.3;0.8;2.2;1.7;2.9;12.2
80;Amir Coffey;SG;25;LAC;10;0;8.6;0.5;1.5;0.333;0.1;0.4;0.25;0.4;1.1;0.364;0.367;1.3;1.6;0.813;0.2;0.6;0.8;0.5;0.3;0.1;0.2;0.6;2.4
81;John Collins;PF;25;ATL;11;11;31.7;5.2;9.6;0.538;0.8;2.7;0.3;4.4;6.9;0.632;0.58;1.9;2.1;0.913;1.6;6.8;8.5;1.1;0.7;1.5;1.5;3.2;13.1
82;Zach Collins;PF;25;SAS;9;0;17.7;3.4;6.6;0.525;0.8;2;0.389;2.7;4.6;0.585;0.585;0.7;1;0.667;1.3;3.3;4.7;2.8;0.7;1.2;1.9;3;8.3
83;Mike Conley;PG;35;UTA;12;12;30.3;4.1;9.4;0.434;2.2;5.3;0.413;1.9;4.2;0.46;0.549;1.8;2.3;0.75;0.4;1.9;2.3;8;1.1;0.3;1.4;1.7;12.1
84;Robert Covington;PF;32;LAC;7;0;14.3;1.3;3;0.429;0.7;2;0.357;0.6;1;0.571;0.548;0.9;0.9;1;0.1;3.1;3.3;1.1;0.4;0.7;0.6;2.3;4.1
85;Torrey Craig;SF;32;PHO;11;3;17.7;2.1;4.3;0.489;1.1;2.6;0.414;1;1.6;0.611;0.617;0.2;0.4;0.5;1.4;2.5;3.8;1.4;0.5;0.5;0.6;1.9;5.5
86;Jarrett Culver;SG;23;ATL;1;0;3;0;1;0;0;0;0;0;1;0;0;1;2;0.5;1;0;1;0;0;0;0;0;1
87;Cade Cunningham;PG;21;DET;12;12;33.3;7.8;18.7;0.415;1.4;5.1;0.279;6.3;13.6;0.466;0.453;3;3.6;0.837;1;5.2;6.2;6;0.8;0.6;3.3;2.8;19.9
88;Seth Curry;SG;32;BRK;4;0;17.3;2;6.3;0.32;1.8;4.8;0.368;0.3;1.5;0.167;0.46;1;1;1;0.3;1;1.3;2;0.8;0.3;0.3;1.5;6.8
89;Stephen Curry;PG;34;GSW;10;10;35.1;10.8;21.1;0.512;5.3;12.3;0.431;5.5;8.8;0.625;0.637;5.7;6.1;0.934;0.8;6.3;7.1;6.9;1.1;0.1;2.6;2.1;32.6
90;Dyson Daniels;PG;19;NOP;4;0;11.8;1.8;3;0.583;0.8;1.3;0.6;1;1.8;0.571;0.708;0.5;1;0.5;0.8;2;2.8;1.5;0.8;0.5;0.8;1;4.8
91;Anthony Davis;C;29;LAL;10;10;34.6;9.3;17.2;0.541;0.4;1.5;0.267;8.9;15.7;0.567;0.552;4;5.2;0.769;2.7;7.5;10.2;2.5;1.4;1.9;1.6;3;23
92;Johnny Davis;SG;20;WAS;5;0;6;0.4;1.4;0.286;0;0.2;0;0.4;1.2;0.333;0.286;0.4;0.4;1;0.2;0.6;0.8;0.4;0;0;0.2;1.6;1.2
93;Terence Davis;SG;25;SAC;9;0;12.1;1.9;4.8;0.395;1;3.2;0.31;0.9;1.6;0.571;0.5;1.1;1.3;0.833;0.4;1.9;2.3;1.2;0.7;0.2;0.4;1.9;5.9
94;Dewayne Dedmon;C;33;MIA;9;0;11.8;1.9;3.2;0.586;0.4;1.1;0.4;1.4;2.1;0.684;0.655;1.3;1.3;1;0.6;2.9;3.4;0.7;0;0.1;0.7;1.9;5.6
95;Matthew Dellavedova;PG;32;SAC;3;0;9.7;1;2.3;0.429;0.7;1;0.667;0.3;1.3;0.25;0.571;0;0;0;0.3;0.3;0.7;1.3;0.3;0;0.7;1.7;2.7
96;DeMar DeRozan;SF;33;CHI;13;13;34.4;8.3;16.4;0.507;0.3;1.5;0.211;8;14.9;0.536;0.516;7.5;8.4;0.899;0.4;3.7;4.1;4.2;1.2;0.4;2.5;2.5;24.5
97;Moussa Diabaté;PF;21;LAC;2;0;3;0.5;0.5;1;0;0;0;0.5;0.5;1;1;0.5;0.5;1;0;1;1;0.5;0.5;0;0;0;1.5
98;Mamadi Diakite;PF;26;CLE;2;0;2.5;0.5;0.5;1;0;0;0;0.5;0.5;1;1;0;0;0;0;1;1;0;0.5;0;0;0.5;1
99;Hamidou Diallo;SG;24;DET;12;0;13.6;1.9;5;0.383;0;0.4;0;1.9;4.6;0.418;0.383;1.3;2;0.625;1.2;2;3.2;0.7;0.6;0.1;0.8;2.3;5.1
100;Gorgui Dieng;C;33;SAS;6;0;9.2;1.3;2.8;0.471;0.8;2.3;0.357;0.5;0.5;1;0.618;0;0;0;0.7;1.3;2;1.8;0.2;0.7;1.2;1.5;3.5
101;Ousmane Dieng;SF;19;OKC;9;0;15;1.3;4;0.333;0.6;2.4;0.227;0.8;1.6;0.5;0.403;0.1;0.2;0.5;0.3;1.9;2.2;1.7;0.1;0.2;0.3;0.6;3.3
102;Spencer Dinwiddie;PG;29;DAL;10;10;32.7;6.3;13.7;0.46;2.6;6.5;0.4;3.7;7.2;0.514;0.555;1.7;2.2;0.773;0.3;2.8;3.1;4.4;1.3;0.1;1.8;2.7;16.9
103;Donte DiVincenzo;SG;26;GSW;3;0;14;1.7;3.7;0.455;0.7;2;0.333;1;1.7;0.6;0.545;1;1.3;0.75;0;0.7;0.7;1;0.3;0;2;1.3;5
104;Luka Don?i?;PG;23;DAL;10;10;36.6;11.9;23.9;0.498;2.4;8.5;0.282;9.5;15.4;0.617;0.548;8.6;11.2;0.768;0.9;7.3;8.2;8.1;2;0.7;3.2;3.4;34.8
105;Tyler Dorsey;SG;26;DAL;1;0;4;4;4;1;1;1;1;3;3;1;1.125;0;0;0;1;1;2;0;0;0;0;0;9
106;Luguentz Dort;SG;23;OKC;11;11;31.5;4.5;12.7;0.357;1.2;5.7;0.206;3.4;7;0.481;0.404;2.4;3.2;0.743;1.2;3;4.2;2.6;1.7;0.3;1;3.4;12.6
107;Ayo Dosunmu;PG;23;CHI;12;12;30.3;4.8;9.7;0.5;1.5;3.9;0.383;3.3;5.8;0.58;0.578;0.9;0.9;1;0.4;3.6;4;3.2;0.8;0.3;1.7;2.4;12.1
108;Jeff Dowtin;PG;25;TOR;2;0;4;1;2;0.5;0;0;0;1;2;0.5;0.5;0;0;0;0;0.5;0.5;1;0;0;0;0;2
109;Goran Dragi?;PG;36;CHI;13;0;19;3.7;8.2;0.453;1.6;3.5;0.467;2.1;4.7;0.443;0.552;1;1.3;0.765;0.6;1.3;1.9;3.4;0.2;0.2;1.3;1.4;10
110;Andre Drummond;C;29;CHI;7;0;16.1;3.4;6.4;0.533;0;0.3;0;3.4;6.1;0.558;0.533;1.1;1.7;0.667;3.1;6.3;9.4;0.9;0.9;0.4;1.9;2.6;8
111;Chris Duarte;SF;25;IND;9;5;19.7;3.1;7.9;0.394;1.4;4.2;0.342;1.7;3.7;0.455;0.486;1.2;1.3;0.917;0.4;1.7;2.1;1;0.1;0.4;0.9;1.8;8.9
112;David Duke Jr.;SG;23;BRK;6;0;11.5;1.8;3.8;0.478;0;0.7;0;1.8;3.2;0.579;0.478;0.5;0.5;1;0.5;1;1.5;0.7;0.7;0;1;2.5;4.2
113;Kevin Durant;PF;34;BRK;12;12;37.2;10.4;20.1;0.519;1.6;4.9;0.322;8.8;15.2;0.582;0.558;8.4;9.2;0.918;0.5;6;6.5;5.3;0.9;1.9;3.3;2.4;30.8
114;Jalen Duren;C;19;DET;9;0;21.8;3.3;6;0.556;0;0.1;0;3.3;5.9;0.566;0.556;1;2.4;0.409;3.2;3.6;6.8;0.3;0.2;1.4;1.1;2;7.7
115;Tari Eason;PF;21;HOU;12;0;18.2;3.3;7.7;0.435;0.8;1.8;0.455;2.5;5.8;0.429;0.489;1.1;1.4;0.765;2.3;2.8;5.2;1.1;1.4;0.6;0.8;2.3;8.6
116;Anthony Edwards;SG;21;MIN;12;12;36.4;8;17.8;0.449;2.5;7.5;0.333;5.5;10.3;0.532;0.519;2.8;4.2;0.66;0.5;5;5.5;3.8;1.3;0.3;3.2;3.2;21.3
117;Kessler Edwards;SF;22;BRK;4;0;2.5;0.3;1;0.25;0.3;0.8;0.333;0;0.3;0;0.375;0;0;0;0;0.5;0.5;0.5;0.3;0;0;0;0.8
118;Joel Embiid;C;28;PHI;7;7;34.9;9.4;18.6;0.508;1;3.4;0.292;8.4;15.1;0.557;0.535;8.1;9.7;0.838;2.1;7.4;9.6;3.6;0.4;1.1;3.6;3;28
119;Drew Eubanks;C;25;POR;11;1;15.1;2.3;3.3;0.694;0;0;0;2.3;3.3;0.694;0.694;1.2;1.7;0.684;1.3;1.7;3;0.7;0.3;0.8;0.9;1.7;5.7
120;Bruno Fernando;C;24;HOU;2;2;18.5;2.5;3;0.833;0;0;0;2.5;3;0.833;0.833;0.5;1;0.5;2.5;4;6.5;4.5;0.5;1;0.5;1.5;5.5
121;Dorian Finney-Smith;PF;29;DAL;10;10;32.6;3.3;7.2;0.458;1.5;4.6;0.326;1.8;2.6;0.692;0.563;0.8;1.1;0.727;1.4;2.4;3.8;0.7;0.9;0.6;1.2;2.1;8.9
122;Malachi Flynn;PG;24;TOR;6;0;7.5;1.5;3.2;0.474;0.8;1.7;0.5;0.7;1.5;0.444;0.605;0.3;0.3;1;0.2;0.5;0.7;0.7;0.3;0;0.2;1.2;4.2
123;Simone Fontecchio;SF;27;UTA;6;0;4.8;1;2.7;0.375;0.5;1.8;0.273;0.5;0.8;0.6;0.469;0;0;0;0.3;0.7;1;0;0.2;0;0.5;0.8;2.5
124;Bryn Forbes;SG;29;MIN;7;0;9.7;0.7;3;0.238;0.3;1.6;0.182;0.4;1.4;0.3;0.286;0.6;0.6;1;0.4;0.3;0.7;0.7;0.6;0;0.4;0.6;2.3
125;Trent Forrest;PG;24;ATL;4;0;3.5;0;0.8;0;0;0;0;0;0.8;0;0;0;0;0;0;0.5;0.5;0.8;0;0;0;0.3;0
126;Evan Fournier;SG;30;NYK;11;7;20.7;2.8;7.3;0.388;1.7;4.6;0.373;1.1;2.6;0.414;0.506;0.5;0.6;0.857;0.1;2.2;2.3;1.7;0.7;0.3;1.2;2.5;7.9
127;De'Aaron Fox;PG;25;SAC;9;9;32.2;9.4;17.7;0.535;1.9;5.2;0.362;7.6;12.4;0.607;0.588;4.4;5.1;0.87;0.7;4.3;5;5.1;1;0.4;3.2;3;25.2
128;Wenyen Gabriel;PF;25;LAL;9;1;12.8;1.6;2.7;0.583;0;0.4;0;1.6;2.2;0.7;0.583;0.8;1.1;0.7;0.7;2.2;2.9;0.8;0.9;0.4;0.7;2;3.9
129;Daniel Gafford;C;24;WAS;11;0;13.6;2.5;3.5;0.692;0;0;0;2.5;3.5;0.692;0.692;0.9;1.5;0.625;1.4;2.1;3.5;0.5;0.5;0.7;1.3;1.5;5.8
130;Darius Garland;PG;23;CLE;5;5;33.2;5.4;14.4;0.375;2.2;6.8;0.324;3.2;7.6;0.421;0.451;3.4;4.2;0.81;0.4;1.8;2.2;8.4;1.2;0.2;4;2.4;16.4
131;Usman Garuba;PF;20;HOU;10;1;14.2;1.5;2.7;0.556;0.3;0.4;0.75;1.2;2.3;0.522;0.611;0.4;0.9;0.444;2.4;3.1;5.5;1.2;0.9;0.4;1.2;1.7;3.7
132;Rudy Gay;SF;36;UTA;10;0;15.8;1.7;5.1;0.333;0.6;2.9;0.207;1.1;2.2;0.5;0.392;0.3;0.6;0.5;0.6;3;3.6;0.9;0.4;0.6;1;1.4;4.3
133;Paul George;SF;32;LAC;11;11;35.8;9.1;18.7;0.485;3;8.3;0.363;6.1;10.5;0.583;0.566;4.2;5;0.836;0.5;5.6;6.1;4.5;1.6;0.5;3.7;2.6;25.4
134;Taj Gibson;PF;37;WAS;6;0;4.5;0.8;1.8;0.455;0.2;0.7;0.25;0.7;1.2;0.571;0.5;0.7;0.7;1;0.3;0.7;1;0.5;0.2;0;0.2;0.5;2.5
135;Josh Giddey;SG;20;OKC;8;8;30;6;14.1;0.425;1;3.5;0.286;5;10.6;0.471;0.46;0.5;1;0.5;1.5;5.3;6.8;5;0.4;0.6;2.9;2.1;13.5
136;Shai Gilgeous-Alexander;SG;24;OKC;10;10;36.7;11.7;21.8;0.537;0.9;2.8;0.321;10.8;19;0.568;0.557;7.3;7.7;0.948;1;3.5;4.5;5.6;1.9;1.5;3.1;2.6;31.6
137;Anthony Gill;PF;30;WAS;11;3;14.2;1.8;3.2;0.571;0.2;0.8;0.222;1.6;2.4;0.692;0.6;0.5;0.5;1;0.9;1.1;2;0.7;0.3;0.1;0.2;1.5;4.4
138;Rudy Gobert;C;30;MIN;10;10;32;5.1;8.4;0.607;0;0.2;0;5.1;8.2;0.622;0.607;3.6;5.4;0.667;4.5;9.1;13.6;1;0.5;1.7;1.3;2.7;13.8
139;Jordan Goodwin;PG;24;WAS;5;0;15.2;3;4.2;0.714;0.4;1.4;0.286;2.6;2.8;0.929;0.762;0.4;0.4;1;1.4;2;3.4;2.6;0.6;0.8;0.6;1.2;6.8
140;Aaron Gordon;PF;27;DEN;11;11;29.1;5.6;9.9;0.569;0.8;2.9;0.281;4.8;7;0.688;0.61;2.3;3.7;0.61;2.4;4.6;7;2.6;0.6;1;1.4;1.3;14.4
141;Eric Gordon;SG;34;HOU;10;10;30.7;4.3;9.7;0.443;2;5.4;0.37;2.3;4.3;0.535;0.546;2.1;2.6;0.808;0.2;1.9;2.1;3.2;0.9;0.4;1.9;0.8;12.7
142;Devonte' Graham;PG;27;NOP;11;0;17.7;1.6;4.4;0.375;1.5;3.5;0.41;0.2;0.8;0.222;0.542;0.6;0.9;0.7;0.1;1.3;1.4;2.6;0.5;0.3;0.5;1;5.4
143;Jerami Grant;PF;28;POR;10;10;34.7;5.9;12.3;0.48;2;4.6;0.435;3.9;7.7;0.506;0.561;4.6;6.1;0.754;0.6;3.6;4.2;2.6;0.4;0.8;2.3;1.9;18.4
144;A.J. Green;SG;23;MIL;1;0;2;0;0;0;0;0;0;0;0;0;0;0;0;0;0;0;0;1;0;0;0;0;0
145;Draymond Green;PF;32;GSW;10;10;29.8;3.9;6.4;0.609;0.3;1;0.3;3.6;5.4;0.667;0.633;1;1.7;0.588;0.7;5.4;6.1;5.6;1;0.6;2.7;3.5;9.1
146;Jalen Green;SG;20;HOU;12;12;33.9;7.4;17.9;0.414;2.8;7.8;0.362;4.6;10.1;0.455;0.493;3.2;4.2;0.76;0.7;3.5;4.2;2.6;0.8;0.3;2.5;1.8;20.8
147;JaMychal Green;PF;32;GSW;10;0;17.1;1.9;4.4;0.432;0.4;1.7;0.235;1.5;2.7;0.556;0.477;0.4;0.5;0.8;2;2.7;4.7;0.6;1;0.5;1;2.1;4.6
148;Javonte Green;SG;29;CHI;13;0;18.2;2.5;4.5;0.552;0.6;1.6;0.381;1.8;2.8;0.649;0.621;0.9;1.2;0.8;1.2;2.2;3.4;1;1.2;0.8;0.7;2.3;6.5
149;Jeff Green;PF;36;DEN;11;0;19.8;3;5.8;0.516;0.5;1.5;0.294;2.5;4.3;0.596;0.555;1.5;2.2;0.708;0.9;2;2.9;1.1;0.5;0.2;1;2.1;8
150;Josh Green;SG;22;DAL;10;0;18.3;2.2;3.1;0.71;1;1.7;0.588;1.2;1.4;0.857;0.871;1.1;1.8;0.611;0.9;1.6;2.5;1;1;0.1;0.8;2;6.5
151;AJ Griffin;SF;19;ATL;7;0;11.9;2.9;5.3;0.541;1.1;2.9;0.4;1.7;2.4;0.706;0.649;0.3;0.3;1;0.6;1;1.6;0.6;0.7;0;0.1;0.9;7.1
152;Blake Griffin;PF;33;BOS;5;1;10;1;2.4;0.417;0.4;1;0.4;0.6;1.4;0.429;0.5;1;1.2;0.833;1;1.4;2.4;1;0.4;0;0.8;1.8;3.4
153;Quentin Grimes;SG;22;NYK;3;1;8;0.3;1;0.333;0.3;1;0.333;0;0;0;0.5;0.7;0.7;1;0;0.3;0.3;0.7;0;0.3;0.3;1;1.7
154;Rui Hachimura;PF;24;WAS;11;0;23.6;4.5;9.6;0.462;0.5;1.8;0.25;4;7.8;0.512;0.486;1.6;2.4;0.692;1;3.9;4.9;0.9;0.2;0.6;1.5;1.1;11
155;Tyrese Haliburton;PG;22;IND;11;11;33.7;7.6;15.1;0.506;3.1;6.8;0.453;4.5;8.3;0.549;0.608;3.3;3.7;0.878;1.1;3.5;4.6;9.8;1.8;0.1;3;1.3;21.6
156;Jordan Hall;SF;21;SAS;2;0;13;0.5;2.5;0.2;0.5;2;0.25;0;0.5;0;0.3;0;0;0;0;0.5;0.5;1;0;0;1;0.5;1.5
157;R.J. Hampton;PG;21;ORL;10;0;15.7;2.1;4.3;0.488;0.9;1.8;0.5;1.2;2.5;0.48;0.593;1.3;1.4;0.929;0.6;1.2;1.8;1.3;0.7;0.3;1;1.3;6.4
158;Tim Hardaway Jr.;SG;30;DAL;9;0;22.9;3.1;10;0.311;1.9;6;0.315;1.2;4;0.306;0.406;2.7;2.9;0.923;0;1.7;1.7;1.8;0.7;0.2;0.9;1.3;10.8
159;James Harden;SG;33;PHI;9;9;36.8;7;15.9;0.441;2.2;6.7;0.333;4.8;9.2;0.518;0.51;5.8;6.2;0.929;0.6;6.4;7;10;1.1;0.7;2.9;2;22
160;Jaden Hardy;SG;20;DAL;2;0;5;0;2.5;0;0;1;0;0;1.5;0;0;0;0;0;0;1;1;0.5;0;0;1;1;0
161;Ron Harper Jr.;SF;22;TOR;1;0;3;0;1;0;0;1;0;0;0;0;0;0;0;0;0;0;0;0;0;0;0;0;0
162;Montrezl Harrell;C;29;PHI;10;1;12.2;1.3;2.6;0.5;0;0;0;1.3;2.6;0.5;0.5;1.4;2;0.7;0.6;1.5;2.1;0.5;0.3;0.5;0.3;1.2;4
163;Joe Harris;SG;31;BRK;10;6;25.6;3;7.4;0.405;1.6;4.9;0.327;1.4;2.5;0.56;0.514;0.1;0.3;0.333;1;2.6;3.6;2.1;0.6;0.3;0.4;2.3;7.7
164;Kevon Harris;SG;25;ORL;9;0;13.6;1.1;3.4;0.323;0.4;1.2;0.364;0.7;2.2;0.3;0.387;1.2;1.6;0.786;0.9;1.4;2.3;0.6;0.4;0;0.9;1.8;3.9
165;Tobias Harris;PF;30;PHI;11;11;33.5;5.6;11.7;0.481;2.5;5.7;0.444;3.1;6;0.515;0.589;1.2;1.7;0.684;1.2;5.5;6.6;3;1.4;0.7;0.9;2.1;15
166;Josh Hart;SG;27;POR;11;11;36.2;3;6.8;0.44;0.5;1.6;0.333;2.5;5.2;0.474;0.48;2.2;3;0.727;1.5;7.3;8.8;4.7;1.2;0.2;1.9;2.5;8.7
167;Isaiah Hartenstein;C;24;NYK;11;1;24.5;3.3;6;0.545;0.2;1.1;0.167;3.1;4.9;0.63;0.561;0.7;0.9;0.8;3.5;4.6;8.1;1;0.7;1.4;0.9;2.8;7.5
168;Udonis Haslem;PF;42;MIA;2;0;5;0.5;1.5;0.333;0;0;0;0.5;1.5;0.333;0.333;0.5;1;0.5;0;1;1;0;0;0.5;0;0.5;1.5
169;Sam Hauser;PF;25;BOS;11;0;14.6;2.7;4.7;0.577;2.2;4.1;0.533;0.5;0.6;0.857;0.808;0.3;0.4;0.75;0.4;1.5;1.8;0.5;0.3;0.1;0.1;1.3;7.9
170;Jaxson Hayes;C;22;NOP;5;0;7.4;0.2;1;0.2;0;0.4;0;0.2;0.6;0.333;0.2;0;0.4;0;0.2;0.8;1;0.6;0.2;0.2;0.2;1;0.4
171;Killian Hayes;PG;21;DET;12;0;18.1;1.6;6;0.264;0.3;1.7;0.2;1.3;4.3;0.288;0.292;0.5;0.7;0.75;0.4;1.5;1.9;3;0.7;0.3;1.4;2.3;4
172;Gordon Hayward;SF;32;CHO;8;8;31;6.3;13.3;0.472;1.3;3.5;0.357;5;9.8;0.513;0.519;3.6;4.6;0.784;0.5;3.8;4.3;4.1;0.8;0.3;2.8;0.8;17.4
173;Juancho Hernangómez;PF;27;TOR;5;0;6.8;0.4;1;0.4;0.2;0.8;0.25;0.2;0.2;1;0.5;0;0;0;0.2;0.6;0.8;0.6;0.2;0.4;0.2;0.6;1
174;Willy Hernangómez;C;28;NOP;3;0;8.7;1.7;3.7;0.455;0;0.7;0;1.7;3;0.556;0.455;0.7;0.7;1;1.3;2.7;4;0.3;0.3;0;1.7;1;4
175;Tyler Herro;SG;23;MIA;10;10;31.4;7.2;15.4;0.468;2.4;6.4;0.375;4.8;9;0.533;0.545;2.8;3.1;0.903;0.6;5.8;6.4;2.6;0.7;0.6;2.1;1.6;19.6
176;Buddy Hield;SG;30;IND;11;11;31.7;6.7;14.5;0.463;4;9.9;0.404;2.7;4.6;0.588;0.6;1.1;1.2;0.923;1.2;4.1;5.3;3.3;0.8;0.4;1.7;2.1;18.5
177;Haywood Highsmith;SF;26;MIA;5;0;5.4;0.2;1.2;0.167;0;0.8;0;0.2;0.4;0.5;0.167;0;0;0;0;0.8;0.8;0;0.6;0;0.6;0.2;0.4
178;George Hill;PG;36;MIL;11;0;22.2;1.7;4;0.432;0.5;1.9;0.286;1.2;2.1;0.565;0.5;1.5;2.2;0.708;0.3;1.5;1.7;2.5;0.5;0;0.6;1.5;5.5
179;Malcolm Hill;SF;27;CHI;3;0;0.3;0;0;0;0;0;0;0;0;0;0;0;0;0;0;0.3;0.3;0;0;0;0;0;0
180;Aaron Holiday;PG;26;ATL;11;1;18.7;1.9;4.1;0.467;0.6;1;0.636;1.3;3.1;0.412;0.544;0.7;0.8;0.889;0.5;0.8;1.4;2;0.7;0.3;1;1.3;5.2
181;Jrue Holiday;PG;32;MIL;10;10;33.1;7.4;16.8;0.44;2.4;6.7;0.358;5;10.1;0.495;0.512;2.4;2.8;0.857;1.3;4.4;5.7;7.9;1.5;0.7;2.9;1.7;19.6
182;Justin Holiday;SG;33;ATL;11;0;19.5;2.6;6.7;0.392;1.5;4.6;0.333;1.1;2.1;0.522;0.507;0;0;0;0;0.8;0.8;1.3;0.4;0.3;0.4;2;6.8
183;Richaun Holmes;PF;29;SAC;8;0;12.8;1.8;2.5;0.7;0;0;0;1.8;2.5;0.7;0.7;0.5;0.8;0.667;1;1.9;2.9;0;0.3;0.1;0.6;1.9;4
184;Al Horford;C;36;BOS;9;9;31;4;7.2;0.554;1.8;4.2;0.421;2.2;3;0.741;0.677;0.3;0.6;0.6;1;5;6;2.1;0.3;0.8;0.8;2.3;10.1
185;Talen Horton-Tucker;SG;22;UTA;13;0;16.7;2.9;7.2;0.409;0.8;3.1;0.25;2.2;4.1;0.528;0.462;0.9;1.2;0.75;0.7;2.2;2.9;1.8;1;0.3;0.9;1.5;7.5
186;Danuel House Jr.;SF;29;PHI;9;0;16.4;1.1;3;0.37;0.6;1.8;0.313;0.6;1.2;0.455;0.463;0.9;1.2;0.727;0.4;1.6;2;1;0.3;0.1;0.7;1.3;3.7
187;Caleb Houstan;SF;20;ORL;8;0;17.3;1;3.1;0.32;0.5;2;0.25;0.5;1.1;0.444;0.4;0.6;0.8;0.833;0.4;1.4;1.8;0.5;0.3;0.1;0.4;1.6;3.1
188;Trevor Hudgins;PG;23;HOU;1;0;4;1;1;1;1;1;1;0;0;0;1.5;0;0;0;0;0;0;0;0;0;0;0;3
189;Kevin Huerter;SG;24;SAC;10;10;31.7;5.4;11;0.491;3.7;7.3;0.507;1.7;3.7;0.459;0.659;2.1;2.8;0.75;0;2.4;2.4;3.2;0.8;0.3;1;2.3;16.6
190;De'Andre Hunter;SF;25;ATL;11;11;29.5;6;12.4;0.485;1.5;4.1;0.378;4.5;8.3;0.538;0.548;1.5;2.3;0.68;0.6;3.3;3.9;1.1;0.4;0.2;1.4;3.5;15.1
191;Bones Hyland;PG;22;DEN;9;0;20.8;4.4;11.4;0.388;2.9;5.8;0.5;1.6;5.7;0.275;0.515;2.2;2.9;0.769;0.1;1.6;1.7;3.7;0.7;0.3;2;1.9;14
192;Serge Ibaka;PF;33;MIL;9;0;10.9;1.3;2.4;0.545;0.3;0.8;0.429;1;1.7;0.6;0.614;0.6;0.7;0.833;0.6;2.1;2.7;0.3;0;0.7;0.8;1.4;3.6
193;Brandon Ingram;SF;25;NOP;7;7;32;8.1;16.6;0.491;1.9;3.4;0.542;6.3;13.1;0.478;0.547;4.6;5.7;0.8;0.6;5.4;6;4.1;0.7;1;3;2.1;22.7
194;Kyrie Irving;PG;30;BRK;8;8;38.6;9.8;21.5;0.453;2.6;9.4;0.28;7.1;12.1;0.588;0.515;4.8;5.1;0.927;0.8;4.4;5.1;5.1;1.4;1.1;2.4;3;26.9
195;Jaden Ivey;SG;20;DET;11;11;31.7;5.6;12.7;0.443;1.5;4.5;0.32;4.2;8.2;0.511;0.5;2.6;3.6;0.725;1.4;4;5.4;3.8;1.5;0.5;2.2;2.7;15.4
196;Isaiah Jackson;PF;21;IND;11;3;18.2;3.2;5.5;0.583;0;0.1;0;3.2;5.4;0.593;0.583;2.1;3;0.697;1.6;3.8;5.5;1.3;0.5;1.3;1.2;2.8;8.5
197;Justin Jackson;SF;27;BOS;3;0;5;0.7;2;0.333;0.7;1.7;0.4;0;0.3;0;0.5;0;0;0;0;0.3;0.3;0.3;0;0;0;0.7;2
198;Reggie Jackson;PG;32;LAC;12;12;29.1;4;10.2;0.393;1.1;3.9;0.277;2.9;6.3;0.467;0.447;1.3;1.4;0.941;0.3;1.7;1.9;4;0.7;0.1;2;1.7;10.4
199;LeBron James;PF;38;LAL;10;10;35.7;10;21.9;0.457;1.7;7.1;0.239;8.3;14.8;0.561;0.495;3.2;4.8;0.667;1.8;7;8.8;6.9;1.1;0.7;3.4;2;24.9
200;Ty Jerome;SG;25;GSW;8;0;15;2;3.8;0.533;0.8;2;0.375;1.3;1.8;0.714;0.633;1.3;1.3;1;0.1;0.9;1;1.9;0.1;0.1;0.3;1.1;6
201;Isaiah Joe;SG;23;OKC;8;0;4.8;1.1;2;0.563;0.8;1.5;0.5;0.4;0.5;0.75;0.75;0.5;0.5;1;0;0.8;0.8;0.6;0.1;0.1;0;0.3;3.5
202;Cameron Johnson;PF;26;PHO;8;8;25.3;4.6;10.4;0.446;2.8;6.4;0.431;1.9;4;0.469;0.578;1;1.4;0.727;0.6;2.8;3.4;1.8;1.1;0.4;0.3;1.8;13
203;Jalen Johnson;SF;21;ATL;11;0;14.9;1.7;4;0.432;0.3;1.5;0.188;1.5;2.5;0.571;0.466;0.7;1.1;0.667;0.5;3;3.5;0.8;0.6;0.3;0.3;1.6;4.5
204;James Johnson;PF;35;IND;3;0;14.7;1.7;4;0.417;0.3;1.7;0.2;1.3;2.3;0.571;0.458;0;0;0;0;2.3;2.3;1.3;0.3;0.7;0;3.3;3.7
205;Keldon Johnson;SF;23;SAS;11;11;34.2;7.9;17.4;0.455;3.6;8.8;0.412;4.3;8.5;0.5;0.56;3.6;4.9;0.741;0.7;4.8;5.5;3.8;1;0.1;2.9;1.6;23.1
206;Keon Johnson;SG;20;POR;6;0;17.7;2.7;7.5;0.356;1.3;3.8;0.348;1.3;3.7;0.364;0.444;0.3;1;0.333;0.5;2;2.5;1.7;0.8;0.3;2.2;1.7;7
207;Nikola Joki?;C;27;DEN;11;11;31.5;7.9;13.3;0.596;0.5;2.2;0.25;7.4;11.1;0.664;0.616;4.8;5.5;0.883;1.5;8.4;9.9;9;1.5;0.7;3.4;2.8;21.2
208;Damian Jones;C;27;LAL;8;1;8.5;1;2.4;0.421;0;0.1;0;1;2.3;0.444;0.421;0.9;1.3;0.7;1.1;1.6;2.8;0.4;0;0.5;0.6;1.1;2.9
209;Derrick Jones Jr.;SF;25;CHI;11;0;14.4;1.6;3.7;0.439;0.3;0.9;0.3;1.4;2.8;0.484;0.476;2.4;2.8;0.839;1.2;1.5;2.6;0.6;0.5;0.9;0.2;1.2;5.9
210;Herbert Jones;SF;24;NOP;7;7;30.7;3.9;8.3;0.466;0.3;2.1;0.133;3.6;6.1;0.581;0.483;3.1;4.1;0.759;1.4;2.3;3.7;2.1;1.4;0.7;1.1;4;11.1
211;Kai Jones;C;22;CHO;5;0;4.8;0.6;1.2;0.5;0.2;0.6;0.333;0.4;0.6;0.667;0.583;0.4;0.8;0.5;0;0.2;0.2;0.4;0.2;1;0;0.4;1.8
212;Tre Jones;PG;23;SAS;12;12;30.5;4.4;10.9;0.405;1;2.5;0.4;3.4;8.4;0.406;0.45;2.8;3;0.917;0.8;3;3.8;6.4;1.4;0.2;2.1;2.2;12.6
213;Tyus Jones;PG;26;MEM;12;1;22.6;4.4;9.7;0.457;1.5;4.2;0.36;2.9;5.5;0.53;0.534;0.5;0.9;0.545;0.3;1.4;1.7;3.9;0.6;0.1;1.1;0.5;10.8
214;DeAndre Jordan;C;34;DEN;9;0;13.4;2.4;3;0.815;0.1;0.1;1;2.3;2.9;0.808;0.833;1;1.8;0.563;1.6;4.1;5.7;0.7;0.1;0.6;1.4;1.7;6
215;Cory Joseph;PG;31;DET;10;1;13.3;1.1;2.8;0.393;0.6;1.5;0.4;0.5;1.3;0.385;0.5;0.7;0.8;0.875;0.2;0.9;1.1;2.6;0.3;0.1;0.5;1.3;3.5
216;Nikola Jovi?;PF;19;MIA;3;0;7.3;1;2.3;0.429;0;1;0;1;1.3;0.75;0.429;0;0;0;0.3;0.3;0.7;0.3;0.7;0;0.3;1.7;2
217;Frank Kaminsky;C;29;ATL;4;0;3.5;0;0.5;0;0;0.3;0;0;0.3;0;0;1;1;1;0;0.8;0.8;0.5;0;0;0.3;1;1
218;Trevor Keels;SG;19;NYK;1;0;1;0;1;0;0;1;0;0;0;0;0;0;0;0;0;1;1;0;0;0;0;0;0
219;Luke Kennard;SG;26;LAC;11;4;22.1;3.2;6.3;0.507;1.7;3.6;0.475;1.5;2.6;0.552;0.645;0.2;0.2;1;0.4;2.9;3.3;0.6;0.5;0;1;1.5;8.3
220;Walker Kessler;C;21;UTA;10;0;14.9;2.6;3.5;0.743;0;0;0;2.6;3.5;0.743;0.743;0.9;1.6;0.563;2.1;2.9;5;0.8;0.2;1.7;0.5;1.9;6.1
221;Braxton Key;SF;25;DET;2;0;3.5;0.5;0.5;1;0;0;0;0.5;0.5;1;1;1;1;1;0;0.5;0.5;0;0;0;0;0;2
222;Corey Kispert;SF;23;WAS;3;2;20.3;2;5.3;0.375;0.3;3.3;0.1;1.7;2;0.833;0.406;1;1.3;0.75;0;2.3;2.3;2;0;0;1;1.3;5.3
223;Maxi Kleber;C;31;DAL;10;0;26.6;1.7;4;0.425;0.9;2.6;0.346;0.8;1.4;0.571;0.538;0.9;1.2;0.75;1;3.1;4.1;0.8;0.5;0.8;0.8;1.8;5.2
224;Nathan Knight;PF;25;MIN;5;0;2.6;0.2;0.4;0.5;0;0.2;0;0.2;0.2;1;0.5;0.2;0.2;1;0;1;1;0;0.4;0;0.2;0.4;0.6
225;Kevin Knox;SF;23;DET;8;0;8.1;0.8;3;0.25;0.3;2;0.125;0.5;1;0.5;0.292;0;0;0;0.3;0.8;1;0.1;0.1;0.1;0.5;1.3;1.8
226;Christian Koloko;C;22;TOR;12;7;17.4;1.5;3.7;0.409;0;0.3;0;1.5;3.4;0.439;0.409;1;1.7;0.6;1.3;2.2;3.5;0.5;0.3;1.4;0.8;3.3;4
227;John Konchar;SG;26;MEM;11;4;25.2;2.8;6;0.47;1.6;3.9;0.419;1.2;2.1;0.565;0.606;0.1;0.2;0.5;1.5;3.5;5.1;1.1;1.1;0.4;0.5;1.6;7.4
228;Furkan Korkmaz;SG;25;PHI;3;0;5.3;0.3;1.3;0.25;0.3;1;0.333;0;0.3;0;0.375;0;0;0;0.3;0.7;1;0.7;0;0;0.7;0;1
229;Luke Kornet;C;27;BOS;7;0;13;0.9;1.7;0.5;0.1;0.4;0.333;0.7;1.3;0.556;0.542;0.4;0.6;0.75;1.3;1.7;3;1.4;0.3;0.9;0.9;1.4;2.3
230;Vit Krejci;PG;22;ATL;5;0;2.6;0.6;1;0.6;0.4;0.8;0.5;0.2;0.2;1;0.8;0;0;0;0;0.4;0.4;0.2;0;0;0;0.4;1.6
231;Jonathan Kuminga;PF;20;GSW;8;1;14;1.8;4;0.438;0.1;1.1;0.111;1.6;2.9;0.565;0.453;1.3;1.5;0.833;0.5;1.4;1.9;0.6;0.4;0.3;1.3;1.8;4.9
232;Kyle Kuzma;PF;27;WAS;11;11;32;6.3;13.7;0.457;1.9;5.7;0.333;4.4;8;0.545;0.526;2.7;3.8;0.714;0.7;6.6;7.4;2.1;0.2;0.7;1.8;2.9;17.2
233;Anthony Lamb;SF;25;GSW;3;1;20.3;3;5.3;0.563;1.3;3;0.444;1.7;2.3;0.714;0.688;0;0;0;0.7;2.7;3.3;1.3;1.3;0;1;3;7.3
234;Jock Landale;C;27;PHO;11;0;15.7;3;6.2;0.485;0.3;2;0.136;2.7;4.2;0.652;0.507;1.6;2;0.818;1.7;2.6;4.4;1;0.4;0.9;0.8;3;7.9
235;Romeo Langford;SG;23;SAS;6;2;16;1.8;4.3;0.423;0.2;1;0.167;1.7;3.3;0.5;0.442;0.5;0.7;0.75;1.5;0.7;2.2;0.5;0.3;0.2;0.5;1.2;4.3
236;Jake LaRavia;PF;21;MEM;9;0;18.7;2.2;4.2;0.526;1.4;2.8;0.52;0.8;1.4;0.538;0.697;0.6;0.6;1;0.8;2.9;3.7;0.4;0.4;0.2;0.6;2.7;6.4
237;Zach LaVine;SG;27;CHI;9;9;33.7;7.6;17.3;0.436;3.2;8;0.403;4.3;9.3;0.464;0.529;3.7;4.3;0.846;0.4;3.3;3.8;4.1;1.3;0.1;2.1;2.4;22
238;Damion Lee;SG;30;PHO;11;0;18.6;1.9;4.9;0.389;1.4;3.1;0.441;0.5;1.8;0.3;0.528;1.1;1.3;0.857;0.5;2;2.5;1.1;0.5;0;0.5;1.6;6.3
239;Alex Len;C;29;SAC;3;0;2.7;0;0.3;0;0;0;0;0;0.3;0;0;0.3;0.7;0.5;0;0.7;0.7;0;0;0;0;0.7;0.3
240;Kawhi Leonard;SF;31;LAC;2;0;21;4;9;0.444;0.5;3;0.167;3.5;6;0.583;0.472;4;4.5;0.889;2;4.5;6.5;2;1.5;0;2;2.5;12.5
241;Caris LeVert;SG;28;CLE;11;11;35.5;4.6;12.1;0.383;2;4.6;0.431;2.6;7.5;0.354;0.466;2.8;3.5;0.795;1.1;3.9;5;5.8;0.9;0.1;2.3;2.8;14.1
242;Damian Lillard;PG;32;POR;7;7;35;8.6;17.9;0.48;4.1;10.1;0.408;4.4;7.7;0.574;0.596;7.3;8.4;0.864;1;3.7;4.7;5.1;0.6;0.3;4.1;1.6;28.6
243;Nassir Little;PF;22;POR;11;0;14.6;2.3;4.4;0.521;1.1;2.4;0.462;1.2;2;0.591;0.646;0.5;0.8;0.556;0.3;2.2;2.5;1.1;0.3;0.2;0.5;0.7;6.1
244;Isaiah Livers;PF;24;DET;10;0;18.6;1.8;4.8;0.375;1.5;3.8;0.395;0.3;1;0.3;0.531;0.5;0.7;0.714;0.5;1.9;2.4;0.5;0.4;0.3;0.6;2.1;5.6
245;Kenneth Lofton Jr.;PF;20;MEM;3;0;4.7;1.3;3;0.444;0;0.3;0;1.3;2.7;0.5;0.444;0.3;1;0.333;0.3;0.3;0.7;0.3;0;0;0;1;3
246;Kevon Looney;C;26;GSW;11;11;23.5;2.8;4.5;0.62;0;0;0;2.8;4.5;0.62;0.62;0.7;1.2;0.615;2.2;4.5;6.6;3.3;0.4;0.3;0.2;3.2;6.4
247;Brook Lopez;C;34;MIL;11;11;31.5;6.1;12.4;0.493;2.3;6.4;0.357;3.8;6;0.636;0.585;1;1.3;0.786;2.3;4.5;6.7;0.9;0.6;2.7;1.4;2.5;15.5
248;Robin Lopez;C;34;CLE;7;0;8.4;1.6;2;0.786;0;0;0;1.6;2;0.786;0.786;0.4;0.7;0.6;1;0.6;1.6;0.4;0;0.3;0.6;0.7;3.6
249;Kevin Love;PF;34;CLE;11;0;20.5;3.8;8.4;0.457;2.5;6.1;0.418;1.3;2.3;0.56;0.609;2.1;2.5;0.852;0.8;6.9;7.7;2.5;0.1;0.3;1.2;1.2;12.3
250;Kyle Lowry;PG;36;MIA;11;11;35;3.8;9.6;0.396;2.3;6.5;0.352;1.5;3.2;0.486;0.514;3.5;3.8;0.905;0.6;3.8;4.5;5.8;1.4;0.4;2;3;13.4
251;Trey Lyles;PF;27;SAC;8;0;15.4;2.5;5.6;0.444;1.8;4.1;0.424;0.8;1.5;0.5;0.6;0.8;1.1;0.667;0.4;2.5;2.9;1;0.5;0.6;1.3;1.4;7.5
252;Théo Maledon;PG;21;CHO;11;0;13.3;1.5;3.3;0.472;0.5;1.5;0.353;1;1.7;0.579;0.556;0.5;0.5;0.833;0.1;1.6;1.7;2.3;0.5;0.3;1.2;0.9;4.1
253;Sandro Mamukelashvili;C;23;MIL;3;0;5;0.3;1.7;0.2;0;1;0;0.3;0.7;0.5;0.2;0;0;0;0;1;1;0;0;0;0.3;0.3;0.7
254;Terance Mann;SG;26;LAC;12;5;17.8;2.9;4.7;0.625;0.4;1.4;0.294;2.5;3.3;0.769;0.67;0.5;0.9;0.545;0.7;2.3;2.9;1.3;0.6;0.3;0.9;1.7;6.8
255;Tre Mann;PG;21;OKC;11;4;25.6;4.5;11;0.405;1.8;5.5;0.333;2.6;5.5;0.475;0.488;0.9;1.5;0.625;0.8;2.5;3.4;2.5;0.9;0.1;1.1;2.1;11.6
256;Boban Marjanovi?;C;34;HOU;4;0;3;0.3;0.8;0.333;0;0;0;0.3;0.8;0.333;0.333;0.8;1.3;0.6;0.3;0.8;1;0.3;0.3;0;0.3;0.3;1.3
257;Lauri Markkanen;SF;25;UTA;13;13;33.1;8.3;15.8;0.527;2.2;6.3;0.341;6.2;9.5;0.65;0.595;3.9;4.5;0.879;2.2;6.6;8.8;2.5;0.6;0.9;1.9;1.9;22.7
258;Naji Marshall;SF;25;NOP;11;4;21.4;2.9;6.5;0.451;0.7;2.2;0.333;2.2;4.3;0.511;0.507;1.1;1.5;0.706;1.1;2.1;3.2;1.5;0.7;0.3;1.1;1.6;7.6
259;Caleb Martin;PF;27;MIA;10;10;27.6;3.4;7.8;0.436;0.7;2.3;0.304;2.7;5.5;0.491;0.481;0.6;0.6;1;1.9;2.6;4.5;1.5;1.3;0.1;0.8;2.1;8.1
260;Cody Martin;SF;27;CHO;1;0;1;0;0;0;0;0;0;0;0;0;0;0;0;0;0;0;0;0;0;0;0;0;0
261;Kenyon Martin Jr.;SF;22;HOU;12;3;25.5;4.3;8.3;0.51;1.3;3.7;0.364;2.9;4.7;0.625;0.59;1.6;2.4;0.655;1.2;3.7;4.8;1.7;0.5;0.7;1.1;2.3;11.4
262;Tyrese Martin;SG;23;ATL;5;0;3;0.6;1;0.6;0.2;0.4;0.5;0.4;0.6;0.667;0.7;0;0;0;0.2;0;0.2;0;0.2;0;0;0.2;1.4
263;Garrison Mathews;SG;26;HOU;12;0;12.5;1.2;3.4;0.341;1.2;3.3;0.35;0;0.1;0;0.512;0.7;0.7;1;0.1;0.8;0.8;0.4;0.3;0.1;0.4;1.3;4.2
264;Bennedict Mathurin;SG;20;IND;11;0;28;6.3;13.6;0.46;2.8;6.5;0.437;3.5;7.2;0.481;0.563;5;5.9;0.846;1.1;2.5;3.5;2.2;0.5;0.1;2.5;2.3;20.4
265;Wesley Matthews;SG;36;MIL;11;0;16.2;1.3;3.6;0.35;1;2.7;0.367;0.3;0.9;0.3;0.488;0.3;0.4;0.75;1.2;1.4;2.5;0.6;0.5;0.2;0.5;1.8;3.8
266;Tyrese Maxey;SG;22;PHI;11;11;38.1;8.5;18.4;0.465;3;7.2;0.418;5.5;11.2;0.496;0.547;3.5;4.7;0.75;0.5;3.1;3.5;4;0.9;0.2;2.2;2.3;23.6
267;Miles McBride;PG;22;NYK;4;0;2.5;0;0.5;0;0;0.5;0;0;0;0;0;0;0.5;0;0;0;0;0.5;0;0;0;0.3;0
268;CJ McCollum;SG;31;NOP;11;11;35.6;7.6;18.8;0.406;2;6.5;0.306;5.6;12.3;0.459;0.459;1.8;2.4;0.769;1;4.2;5.2;6.2;1.3;0.5;1.9;2;19.1
269;T.J. McConnell;PG;30;IND;10;0;15.7;1.9;5;0.38;0;0.2;0;1.9;4.8;0.396;0.38;0.2;0.3;0.667;0.6;1.7;2.3;3;1.2;0.3;1.5;1.1;4
270;Jaden McDaniels;PF;22;MIN;12;12;29.2;4.4;7.7;0.576;0.8;2.5;0.333;3.6;5.2;0.694;0.63;1.4;1.8;0.81;1.4;2;3.4;1.3;1.1;1.3;1.8;3.4;11.1
271;Jalen McDaniels;SF;25;CHO;12;1;25.6;3.5;8.5;0.412;1.3;3.5;0.381;2.2;5;0.433;0.49;1.1;1.3;0.867;1.3;4;5.3;2.2;1.3;0.7;1.3;2.6;9.4
272;Doug McDermott;SF;31;SAS;12;0;20.8;3.7;8.3;0.44;2;5;0.4;1.7;3.3;0.5;0.56;0.7;1;0.667;0.3;1.9;2.2;1.4;0;0.2;0.8;1.6;10
273;JaVale McGee;C;35;DAL;9;7;9.7;1.7;3.1;0.536;0;0;0;1.7;3.1;0.536;0.536;1;1.7;0.6;1.1;1.9;3;0.2;0.3;0.4;1;1;4.3
274;Bryce McGowens;SG;20;CHO;5;0;6;1;1.8;0.556;0.2;0.6;0.333;0.8;1.2;0.667;0.611;1;1;1;0;0.4;0.4;0.2;0.4;0.2;0.2;0.2;3.2
275;Rodney McGruder;SG;31;DET;5;0;4.2;0.2;1.4;0.143;0.2;0.8;0.25;0;0.6;0;0.214;0.4;0.4;1;0.4;0.4;0.8;0.2;0;0;0;0.2;1
276;Jordan McLaughlin;PG;26;MIN;10;0;16.5;1.4;3.5;0.4;0.2;1.8;0.111;1.2;1.7;0.706;0.429;0.6;0.6;1;0.2;1.8;2;3.8;0.6;0.1;0.6;0.6;3.6
277;De'Anthony Melton;PG;24;PHI;10;4;24.4;3.7;8.5;0.435;1.5;4.4;0.341;2.2;4.1;0.537;0.524;0.5;0.7;0.714;0.8;2.7;3.5;2.9;1.9;0.5;0.7;1.8;9.4
278;Chimezie Metu;C;25;SAC;6;0;10.5;1.3;3;0.444;0;0.8;0;1.3;2.2;0.615;0.444;0.7;0.7;1;0;2.2;2.2;1.3;0.2;0.2;0.2;0.8;3.3
279;Patty Mills;PG;34;BRK;12;0;13;1.8;4.1;0.429;1.3;3.3;0.41;0.4;0.8;0.5;0.592;0.8;0.8;1;0.2;0.6;0.8;0.8;0.2;0.1;0.3;0.6;5.7
280;Shake Milton;SG;26;PHI;7;0;10.7;1.3;3.3;0.391;0.1;0.7;0.2;1.1;2.6;0.444;0.413;0.3;0.3;1;0.4;1.1;1.6;1.1;0;0.1;1.3;1.6;3
281;Davion Mitchell;PG;24;SAC;10;1;19.2;3;6.5;0.462;1.1;3.2;0.344;1.9;3.3;0.576;0.546;0.2;0.3;0.667;0;1.5;1.5;2;0.6;0;1.6;1.8;7.3
282;Donovan Mitchell;SG;26;CLE;10;10;39.2;11.3;22;0.514;4.3;9.6;0.448;7;12.4;0.565;0.611;5;5.8;0.862;1.1;3.1;4.2;5.8;1.3;0.6;3.4;3.2;31.9
283;Evan Mobley;PF;21;CLE;11;11;33.6;6.3;11.1;0.566;0.2;1;0.182;6.1;10.1;0.604;0.574;2.5;3.4;0.757;1.6;4.9;6.5;1.9;0.9;1.5;2.3;3;15.3
284;Isaiah Mobley;PF;23;CLE;1;0;4;1;1;1;1;1;1;0;0;0;1.5;0;0;0;0;1;1;0;0;0;0;1;3
285;Chima Moneke;SF;27;SAC;1;0;6;0;1;0;0;0;0;0;1;0;0;0;2;0;2;0;2;1;0;0;0;2;0
286;Malik Monk;SG;24;SAC;10;0;21.6;4.1;9.7;0.423;2.3;6;0.383;1.8;3.7;0.486;0.541;1.7;1.9;0.895;0.4;2.1;2.5;4.4;0.5;0.4;1.4;1.6;12.2
287;Moses Moody;SG;20;GSW;11;1;16.9;2;4.9;0.407;1.1;3.1;0.353;0.9;1.8;0.5;0.519;1.1;1.4;0.8;0.5;1.7;2.2;0.5;0.5;0.5;1.4;1.2;6.2
288;Wendell Moore Jr.;SG;21;MIN;1;0;2;0;1;0;0;1;0;0;0;0;0;0;0;0;0;0;0;0;0;0;1;0;0
289;Ja Morant;PG;23;MEM;11;11;32.8;10;20.6;0.485;2.1;4.6;0.451;7.9;16;0.494;0.535;6.7;8.4;0.804;0.9;4.7;5.6;6.9;0.9;0.4;4;1.7;28.8
290;Marcus Morris;PF;33;LAC;10;10;31.7;6;12.3;0.488;2.2;5.8;0.379;3.8;6.5;0.585;0.577;0.7;0.7;1;0.4;5.6;6;2.2;1;0.4;1.1;2.6;14.9
291;Markieff Morris;PF;33;BRK;7;0;8.1;0.7;2.3;0.313;0.7;1.7;0.417;0;0.6;0;0.469;0;0;0;0.1;1.6;1.7;0.6;0.3;0.1;0.9;1.1;2.1
292;Monte Morris;PG;27;WAS;11;11;28.2;3.5;8;0.432;1;2.8;0.355;2.5;5.2;0.474;0.494;1.3;1.7;0.737;0.5;3.2;3.6;4.8;0.7;0.3;0.9;1.1;9.2
293;Trey Murphy III;SF;22;NOP;11;4;29.4;3.9;8.1;0.483;2.3;5.3;0.431;1.6;2.8;0.581;0.624;1.5;1.5;0.941;1.5;3.5;4.9;1.5;1.1;0.2;0.8;2.1;11.5
294;Dejounte Murray;SG;26;ATL;11;11;36.6;9.2;19.7;0.465;2.2;6.3;0.348;7;13.5;0.52;0.521;2.1;2.5;0.852;0.8;5.6;6.5;8.1;2.3;0.5;2.6;1.9;22.6
295;Jamal Murray;PG;25;DEN;10;10;27.7;6.3;14.3;0.441;1.6;4.4;0.364;4.7;9.9;0.475;0.497;1.5;2.1;0.714;0.7;2.9;3.6;4;1;0;2.3;0.5;15.7
296;Keegan Murray;SF;22;SAC;9;7;32.2;4.9;10.8;0.454;2.4;6.4;0.379;2.4;4.3;0.564;0.567;0.8;1;0.778;0.9;3.1;4;1.4;0.9;0.9;1.8;2.3;13
297;Mike Muscala;C;31;OKC;10;1;14;2.5;5.9;0.424;1.1;3.7;0.297;1.4;2.2;0.636;0.517;1.1;1.4;0.786;0.7;3.7;4.4;0.6;0;0.5;0.5;1.8;7.2
298;Svi Mykhailiuk;SF;25;NYK;3;0;2;1;1;1;1;1;1;0;0;0;1.5;0;0.3;0;0;0.7;0.7;0;0;0;0.3;0;3
299;Larry Nance Jr.;PF;30;NOP;10;0;22.8;4.2;6.3;0.667;0.2;0.5;0.4;4;5.8;0.69;0.683;0.4;0.7;0.571;1.4;3.9;5.3;2.6;1;0.6;1;2.2;9
300;Andrew Nembhard;SG;23;IND;10;2;20;2.4;5.9;0.407;1.2;3.2;0.375;1.2;2.7;0.444;0.508;0.5;0.5;1;0.4;1.9;2.3;3.5;0.8;0.1;1.1;2.1;6.5
301;Aaron Nesmith;SF;23;IND;7;4;22;2.7;6.9;0.396;1;3.6;0.28;1.7;3.3;0.522;0.469;1;1.3;0.778;0.4;3;3.4;1.7;0.3;0.9;1.1;2.7;7.4
302;Raul Neto;PG;30;CLE;7;0;12.3;1.4;3.4;0.417;0.4;1.3;0.333;1;2.1;0.467;0.479;0.9;0.9;1;0.3;1.4;1.7;1.9;0.6;0;0.6;0.9;4.1
303;Georges Niang;PF;29;PHI;11;0;17.8;3.2;6.4;0.5;2.5;4.9;0.5;0.7;1.5;0.5;0.693;0.2;0.2;1;0.2;1.9;2.1;0.5;0.3;0.2;0.8;1.8;9
304;Daishen Nix;PG;20;HOU;10;0;14.1;1.3;3.4;0.382;1;2.2;0.455;0.3;1.2;0.25;0.529;0.3;0.4;0.75;0.3;0.8;1.1;2.1;0.8;0.1;1.4;0.9;3.9
305;Zeke Nnaji;PF;22;DEN;6;0;4.2;0.8;1.7;0.5;0;0.3;0;0.8;1.3;0.625;0.5;0.3;0.3;1;0.5;0.3;0.8;0;0.2;0;0.2;1.3;2
306;Nerlens Noel;C;28;DET;4;0;13.5;1;3;0.333;0;0;0;1;3;0.333;0.333;0.8;1;0.75;0.5;3.3;3.8;0.8;0.8;0.3;0.8;1.3;2.8
307;Jaylen Nowell;SG;23;MIN;12;0;19;4.7;10.9;0.427;1.3;4.1;0.327;3.3;6.8;0.488;0.489;1.1;1.4;0.765;0.7;2.5;3.2;2.4;0.5;0.2;1;1.5;11.8
308;Kendrick Nunn;PG;27;LAL;10;2;13.8;2.1;6.4;0.328;0.8;3.2;0.25;1.3;3.2;0.406;0.391;0.2;0.3;0.667;0.1;1.4;1.5;1.2;0.2;0.1;1.5;0.8;5.2
309;Jusuf Nurki?;C;28;POR;10;10;29.5;4.8;9.7;0.495;0.6;1.1;0.545;4.2;8.6;0.488;0.526;2.8;3.2;0.875;3.1;8.1;11.2;2.5;0.9;0.8;2.5;3.1;13
310;Jordan Nwora;SF;24;MIL;11;0;16.8;1.8;5.9;0.308;0.9;3;0.303;0.9;2.9;0.313;0.385;1.1;1.1;1;0.7;3.1;3.8;0.5;0.4;0.1;0.9;1.1;5.6
311;Royce O'Neale;SF;29;BRK;12;12;36.4;3.8;9.6;0.391;2.5;5.9;0.423;1.3;3.7;0.341;0.522;0.5;0.7;0.75;1.3;3.4;4.7;4.2;1.3;0.8;1.1;3.4;10.5
312;Chuma Okeke;PF;24;ORL;12;1;19.2;1.7;4;0.417;1;2.8;0.353;0.7;1.2;0.571;0.542;1;1.3;0.75;1.3;3.2;4.4;1.6;0.3;0.4;0.7;1.8;5.3
313;Josh Okogie;SG;24;PHO;10;0;4.9;0.4;1.2;0.333;0;0.6;0;0.4;0.6;0.667;0.333;0.4;0.6;0.667;0.3;0.9;1.2;0;0.3;0.1;0.4;0.6;1.2
314;Onyeka Okongwu;C;22;ATL;11;0;19.8;3.6;5.5;0.656;0;0.1;0;3.6;5.5;0.667;0.656;0.9;1.4;0.667;1.9;3.3;5.2;1.1;0.6;0.7;0.6;3;8.2
315;Isaac Okoro;SG;22;CLE;11;3;14.4;0.7;2.5;0.296;0;1;0;0.7;1.5;0.5;0.296;0.5;0.6;0.857;0.1;1.3;1.4;0.4;0.4;0.1;0.8;1.7;2
316;KZ Okpala;PF;23;SAC;6;3;6.5;0.2;0.8;0.2;0.2;0.7;0.25;0;0.2;0;0.3;0;0;0;0.3;0.7;1;0.3;0;0;0;0.7;0.5
317;Kelly Olynyk;PF;31;UTA;13;13;26.5;4.4;7.7;0.57;1.6;2.8;0.568;2.8;4.8;0.571;0.675;1.9;2.6;0.735;1.3;2.8;4.2;3.2;1.4;0.5;2.6;4.3;12.3
318;Eugene Omoruyi;SF;25;OKC;5;0;8.4;1.4;3.2;0.438;0.2;1;0.2;1.2;2.2;0.545;0.469;1.2;1.8;0.667;1;0.8;1.8;0.2;0;0;0.4;2.4;4.2
319;Cedi Osman;SF;27;CLE;11;0;20.9;3.3;7;0.468;1.5;3.9;0.395;1.7;3.1;0.559;0.578;1.2;1.5;0.813;0.3;2.1;2.4;1.9;0.1;0.1;0.9;2.1;9.3
320;Kelly Oubre Jr.;SF;27;CHO;12;12;29.7;6.3;15.8;0.4;2.4;7.6;0.319;3.9;8.3;0.475;0.476;2.4;3.5;0.69;1;3.3;4.3;1.3;1.3;0.3;1.1;3.1;17.5
321;Chris Paul;PG;37;PHO;10;10;30.2;2.8;7.6;0.368;0.9;3.3;0.273;1.9;4.3;0.442;0.428;3;3.4;0.882;0.5;4;4.5;9.4;1.7;0.2;1.5;2.3;9.5
322;Cameron Payne;PG;28;PHO;9;1;19.4;4.2;9.8;0.432;1.6;4;0.389;2.7;5.8;0.462;0.511;1;1.2;0.818;0.3;2.1;2.4;3.7;1;0.1;1.8;1.3;11
323;Theo Pinson;SG;27;DAL;1;0;7;0;0;0;0;0;0;0;0;0;0;2;2;1;0;2;2;1;0;0;0;0;2
324;Scotty Pippen Jr.;PG;22;LAL;2;0;4;0;1;0;0;0;0;0;1;0;0;1.5;2;0.75;0.5;0.5;1;0;0;0;0.5;1;1.5
325;Mason Plumlee;C;32;CHO;12;12;25.2;3.3;5.8;0.58;0;0;0;3.3;5.8;0.58;0.58;2.1;3.8;0.543;3.1;5.5;8.6;4.1;0.5;0.6;1.7;3.3;8.8
326;Jakob Poeltl;C;27;SAS;12;12;29.2;5.4;8.4;0.644;0;0;0;5.4;8.4;0.644;0.644;1.6;3.3;0.475;3.8;5.9;9.8;3.8;1.1;1;2.3;2;12.4
327;Aleksej Pokusevski;PF;21;OKC;9;5;23.9;3.3;8.2;0.405;1.2;3.7;0.333;2.1;4.6;0.463;0.48;0.7;1.3;0.5;1.9;3.7;5.6;1.7;0.9;1.3;1.4;1.6;8.6
328;Jordan Poole;SG;23;GSW;11;2;28.8;5.1;12.5;0.406;2;6.6;0.301;3.1;5.9;0.523;0.486;3;3.7;0.805;0.3;1.2;1.5;4.9;1.2;0.1;3.2;2.5;15.2
329;Kevin Porter Jr.;PG;22;HOU;12;12;35.2;6.4;15.9;0.403;1.8;5.3;0.344;4.6;10.6;0.433;0.461;4.2;5.3;0.794;1.6;4.5;6.1;6.1;1.3;0.3;3.8;2.8;18.8
330;Michael Porter Jr.;SF;24;DEN;10;10;29.9;6.4;13.1;0.489;3.6;7.4;0.486;2.8;5.7;0.491;0.626;1.4;1.7;0.824;1.6;5.6;7.2;1.3;0.6;0.3;1.2;3;17.8
331;Otto Porter Jr.;SF;29;TOR;5;0;18.2;2.2;4;0.55;1;2.4;0.417;1.2;1.6;0.75;0.675;1;1;1;0.8;1.6;2.4;0.8;1.6;0;0.4;0.8;6.4
332;Bobby Portis;PF;27;MIL;11;2;26.4;5.3;11.6;0.453;1.4;3.8;0.357;3.9;7.8;0.5;0.512;1.2;1.5;0.765;2.5;8.4;10.9;2;0.4;0.3;1;1.3;13.1
333;Kristaps Porzi??is;PF;27;WAS;11;11;30.8;6.6;13.9;0.477;1.7;5.2;0.333;4.9;8.7;0.563;0.539;4.2;5.1;0.821;2.3;5.9;8.2;2.5;0.6;1.3;1.8;3.5;19.2
334;Micah Potter;PF;24;UTA;2;0;6;1;1;1;0;0;0;1;1;1;1;0;0;0;0.5;1;1.5;0.5;0;0;0;1;2
335;Dwight Powell;C;31;DAL;7;3;17.7;2.3;3.6;0.64;0;0.1;0;2.3;3.4;0.667;0.64;1.3;1.7;0.75;1.3;2.3;3.6;0.3;0.7;0.6;0.6;2.1;5.9
336;Norman Powell;SG;29;LAC;12;5;25.3;4.2;9.6;0.435;1.1;3.8;0.289;3.1;5.8;0.529;0.491;2.2;2.9;0.743;0.3;2.4;2.8;1.3;0.8;0.3;2.1;2;11.6
337;Jason Preston;PG;23;LAC;1;0;3;0;1;0;0;1;0;0;0;0;0;0;2;0;0;0;0;0;0;0;0;0;0
338;Joshua Primo;SG;20;SAS;4;0;23.3;2.3;6.5;0.346;0.8;3;0.25;1.5;3.5;0.429;0.404;1.8;2.3;0.778;0.5;2.8;3.3;4.5;0.3;0.5;2.8;2;7
339;Taurean Prince;SF;28;MIN;12;0;19.7;2.9;5.9;0.493;1.4;3.3;0.425;1.5;2.6;0.581;0.613;0.5;0.6;0.857;0.4;2.4;2.8;1.2;0.3;0.2;1;2.4;7.8
340;Payton Pritchard;PG;25;BOS;4;0;7.3;1;3.3;0.308;0.5;1.8;0.286;0.5;1.5;0.333;0.385;0.3;0.5;0.5;0;1;1;1.3;0;0;1;0.8;2.8
341;Immanuel Quickley;PG;23;NYK;11;0;21.2;2.5;7.5;0.337;1;3.9;0.256;1.5;3.6;0.425;0.404;1.4;1.7;0.789;0.6;4.6;5.3;3.3;0.9;0.1;1.6;1.5;7.5
342;Julius Randle;PF;28;NYK;11;11;33.5;6.8;14.8;0.46;2;5.6;0.355;4.8;9.2;0.525;0.528;4.8;6.5;0.736;2.4;6.7;9.1;3.3;0.7;0.3;3.2;3.5;20.5
343;Austin Reaves;SG;24;LAL;11;3;25.8;2;4.6;0.431;0.9;2.7;0.333;1.1;1.9;0.571;0.529;2;2.3;0.88;0.6;2.6;3.3;1.5;0.5;0.4;0.9;1.2;6.9
344;Cam Reddish;SF;23;NYK;11;3;20.6;2.6;6.5;0.408;1;2.8;0.355;1.6;3.6;0.45;0.486;0.8;1;0.818;0.3;1.4;1.6;1;0.5;0.5;0.7;1.9;7.1
345;Davon Reed;SG;27;DEN;7;0;6.4;0.4;1.6;0.273;0.3;0.7;0.4;0.1;0.9;0.167;0.364;0.1;0.3;0.5;0;0.6;0.6;0.1;0.4;0;1;0.7;1.3
346;Paul Reed;C;23;PHI;8;0;7.1;0.4;1;0.375;0;0;0;0.4;1;0.375;0.375;0;0;0;0.4;1.3;1.6;0.1;1.3;0.4;0.4;1.5;0.8
347;Naz Reid;C;23;MIN;9;0;13.1;3.4;5.9;0.585;0.7;2.2;0.3;2.8;3.7;0.758;0.642;0.9;1.3;0.667;0.7;2;2.7;0.3;0.4;0.8;0.8;1.9;8.4
348;Nick Richards;C;25;CHO;12;0;19.7;3.6;6;0.597;0;0;0;3.6;6;0.597;0.597;2.5;3.5;0.714;3;3.4;6.4;0.9;0;0.8;0.8;1.9;9.7
349;Josh Richardson;SG;29;SAS;11;2;23.2;3.8;8.5;0.452;2.1;4.9;0.426;1.7;3.5;0.487;0.575;1.9;2.3;0.84;0.3;1.9;2.2;3.2;0.7;0.1;2.2;2.1;11.6
350;Austin Rivers;SG;30;MIN;6;0;7.2;0.3;1.5;0.222;0.2;0.8;0.2;0.2;0.7;0.25;0.278;0.7;0.7;1;0;0.7;0.7;0.3;0;0.2;0.2;0;1.5
351;Duncan Robinson;SF;28;MIA;11;0;16.4;2;5.9;0.338;1.5;4.5;0.34;0.5;1.4;0.333;0.469;0.4;0.4;1;0.3;2.5;2.7;1.4;0;0;0.4;1.8;5.9
352;Mitchell Robinson;C;24;NYK;8;8;21.8;2.9;4.1;0.697;0;0;0;2.9;4.1;0.697;0.697;0.8;1.8;0.429;3.5;2.9;6.4;1;0.4;2.3;0.6;3.6;6.5
353;Jeremiah Robinson-Earl;PF;22;OKC;11;9;17.2;2.8;5.9;0.477;1.3;3.2;0.4;1.5;2.7;0.567;0.585;0.6;1;0.636;0.9;2.7;3.6;0.8;1;0.4;0.5;1.6;7.5
354;Isaiah Roby;PF;24;SAS;7;0;10;1.3;3;0.429;0.3;1;0.286;1;2;0.5;0.476;0.3;0.9;0.333;0.4;1.9;2.3;1.3;0.7;0.3;0.3;0.7;3.1
355;David Roddy;PF;21;MEM;12;0;18.1;2;5.8;0.343;0.8;3.3;0.25;1.2;2.5;0.467;0.414;0.5;0.7;0.75;0.8;1.8;2.6;0.7;0.6;0.3;0.5;1.8;5.3
356;Ryan Rollins;PG;20;GSW;4;0;3.3;0.5;1.3;0.4;0.3;0.5;0.5;0.3;0.8;0.333;0.5;0.5;0.5;1;0;0.3;0.3;0.3;0;0;1.3;1;1.8
357;Derrick Rose;PG;34;NYK;11;0;12.7;2.4;6.2;0.382;1;2.8;0.355;1.4;3.4;0.405;0.463;0.3;0.3;1;0.4;1.7;2.1;2;0.5;0.2;1.1;0.5;6
358;Terrence Ross;SG;31;ORL;11;8;27;3.8;8.5;0.452;1.8;4.5;0.408;2;4;0.5;0.559;0.4;0.6;0.571;0.4;2.4;2.7;1.3;0.7;0.3;1;2.3;9.8
359;Terry Rozier;PG;28;CHO;5;5;34.8;8.2;22;0.373;3.6;10.2;0.353;4.6;11.8;0.39;0.455;1.8;2;0.9;1.6;4.2;5.8;6;0.2;0.6;2.8;1.4;21.8
360;D'Angelo Russell;PG;26;MIN;12;12;29.9;4.9;12.8;0.383;1.9;6.1;0.315;3;6.8;0.444;0.458;2.3;3;0.75;0.9;2.9;3.8;5.7;1.3;0.7;3.1;1.9;14
361;Matt Ryan;SF;25;LAL;9;0;12.8;1.6;4.6;0.341;1.3;3.2;0.414;0.2;1.3;0.167;0.488;0.4;0.6;0.8;0.2;1.1;1.3;0.3;0.2;0;0.3;1.4;4.9
362;Domantas Sabonis;PF;26;SAC;10;10;31.8;5.9;10.8;0.546;0.1;1.2;0.083;5.8;9.6;0.604;0.551;4.9;7;0.7;2.3;8.1;10.4;6.1;1;0.6;2.2;4.1;16.8
363;Dario Šari?;PF;28;PHO;6;0;8.8;1.2;3.2;0.368;0.3;1.2;0.286;0.8;2;0.417;0.421;0.2;0.3;0.5;1.3;1.5;2.8;0.8;0.5;0;0.5;1.3;2.8
364;Jordan Schakel;SF;24;WAS;2;0;3;0.5;1;0.5;0.5;0.5;1;0;0.5;0;0.75;0;0;0;0;0;0;0.5;0.5;0;0;0.5;1.5
365;Admiral Schofield;PF;25;ORL;4;0;5.3;0.5;0.8;0.667;0.3;0.5;0.5;0.3;0.3;1;0.833;0;0;0;0;0.8;0.8;0;0;0;0;1.3;1.3
366;Dereon Seabron;SG;22;NOP;2;0;1.5;0;0;0;0;0;0;0;0;0;0;0;0;0;0;0;0;0;0;0;0;0;0
367;Alperen Þengün;C;20;HOU;10;7;27;6.1;10.5;0.581;0.3;1.2;0.25;5.8;9.3;0.624;0.595;4.6;5.8;0.793;4.1;5.6;9.7;2.1;0.7;1.1;2;3.1;17.1
368;Collin Sexton;SG;24;UTA;13;1;21.9;4.5;9.7;0.46;1.2;3.2;0.381;3.2;6.5;0.5;0.524;3.5;4.2;0.836;0.9;1.9;2.8;1.8;0.8;0.1;1.6;2.2;13.7
369;Landry Shamet;SG;25;PHO;9;0;16.2;2.2;5.6;0.4;1.3;3.7;0.364;0.9;1.9;0.471;0.52;1.2;1.4;0.846;0.2;0.4;0.7;1.2;0.6;0.1;0.9;1.3;7
370;Day'Ron Sharpe;C;21;BRK;8;0;10.5;1;2.4;0.421;0;0.1;0;1;2.3;0.444;0.421;0.5;1;0.5;1.1;2.3;3.4;0.6;0.4;0.6;0.9;2.6;2.5
371;Shaedon Sharpe;SG;19;POR;11;4;21;3.8;7.5;0.512;1;2.3;0.44;2.8;5.2;0.544;0.579;0.7;1;0.727;0.9;1.8;2.7;0.5;0.4;0.3;0.7;2.1;9.4
372;Pascal Siakam;C;28;TOR;9;9;35.7;8.9;18.6;0.479;1.4;4.2;0.342;7.4;14.3;0.519;0.518;5.6;7.7;0.725;1.8;7.6;9.3;7.7;0.9;0.6;2.7;3.1;24.8
373;Ben Simmons;PG;26;BRK;8;6;28.9;2.4;5.4;0.442;0;0.1;0;2.4;5.3;0.452;0.442;0.9;1.9;0.467;1.1;5.3;6.4;6.3;1.3;0.6;2.5;4.1;5.6
374;Marko Simonovic;C;23;CHI;1;0;2;0;1;0;0;1;0;0;0;0;0;0;0;0;0;0;0;0;0;0;0;0;0
375;Anfernee Simons;SG;23;POR;9;9;35.7;7.9;18.2;0.433;3.6;10.1;0.352;4.3;8.1;0.534;0.53;2.7;3.2;0.828;0.3;2.2;2.6;4.1;1;0.2;2.6;2.3;22
376;Jericho Sims;C;24;NYK;6;2;9;1;1;1;0;0;0;1;1;1;1;0.2;0.3;0.5;0.8;1.2;2;0;0.2;0.8;0.2;1.5;2.2
377;Marcus Smart;PG;28;BOS;11;11;32.9;3.6;9.4;0.388;1.5;5.5;0.267;2.2;3.9;0.558;0.466;1.7;2.1;0.826;0.2;3.3;3.5;7;1;0.2;1.6;3;10.5
378;Dennis Smith Jr.;PG;25;CHO;12;10;29.1;4.3;9.7;0.448;0.8;2.1;0.4;3.5;7.6;0.462;0.491;0.5;0.9;0.545;0.8;3;3.8;6;2;0.7;1.6;2.3;10
379;Dru Smith;SG;25;MIA;1;0;6;1;3;0.333;0;2;0;1;1;1;0.333;0;0;0;0;1;1;0;1;0;0;1;2
380;Ish Smith;PG;34;DEN;5;0;4.6;0.4;1.6;0.25;0;0.2;0;0.4;1.4;0.286;0.25;0;0;0;0;0.4;0.4;0.4;0;0.2;0.8;0.8;0.8
381;Jabari Smith Jr.;PF;19;HOU;11;11;29.8;3.4;10.9;0.308;1.8;6.2;0.294;1.5;4.7;0.327;0.392;1.9;2.2;0.875;1.1;4.9;6;0.7;0.2;1;1.3;3.6;10.5
382;Jalen Smith;PF;22;IND;11;11;23.6;4;9.3;0.431;1.2;3.8;0.31;2.8;5.5;0.517;0.495;1.4;2;0.682;1.9;5.9;7.8;1;0.2;0.8;1.5;2.2;10.5
383;Jeremy Sochan;PF;19;SAS;11;11;23.3;3.1;6.4;0.486;0.5;2.5;0.214;2.5;3.8;0.667;0.529;0.2;0.5;0.4;1.1;2.4;3.5;1.5;1;0.5;0.9;2.2;6.9
384;Jaden Springer;PG;20;PHI;2;0;2;1;1.5;0.667;0;0;0;1;1.5;0.667;0.667;0.5;1;0.5;0.5;0.5;1;0;0;0.5;0;0.5;2.5
385;Lamar Stevens;PF;25;CLE;3;0;7.7;0.7;1.7;0.4;0;0.3;0;0.7;1.3;0.5;0.4;0.7;0.7;1;0;0.3;0.3;0;0;0.3;0.3;1.3;2
386;Isaiah Stewart;C;21;DET;12;12;27.9;3.9;8.3;0.475;1;3.7;0.273;2.9;4.6;0.636;0.535;3.7;5;0.733;3.1;6.8;9.9;1.2;0.6;0.7;0.9;3;12.5
387;Max Strus;SF;26;MIA;11;4;31.5;5.3;11.5;0.46;2.8;7.4;0.383;2.5;4.1;0.6;0.583;1;1.3;0.786;0.8;3.4;4.2;2;0.6;0.5;1;2.5;14.4
388;Jalen Suggs;PG;21;ORL;7;6;28.4;4.6;10.6;0.432;1.3;4.6;0.281;3.3;6;0.548;0.493;2.1;3.6;0.6;0.7;2;2.7;4.9;2;0.4;3.3;3.7;12.6
389;Edmond Sumner;SG;27;BRK;10;4;15.9;2.3;5.3;0.434;0.6;1.9;0.316;1.7;3.4;0.5;0.491;1.8;1.9;0.947;0.3;1.7;2;1.3;0.8;0.3;1.1;1.3;7
390;Cole Swider;SF;23;LAL;1;0;2;0;1;0;0;1;0;0;0;0;0;0;0;0;0;1;1;1;0;0;0;0;0
391;Jae'Sean Tate;SF;27;HOU;3;2;22.7;3.3;6.7;0.5;0.7;1.7;0.4;2.7;5;0.533;0.55;1;1.3;0.75;2.7;1.7;4.3;3.3;1;0;1.7;5;8.3
392;Jayson Tatum;PF;24;BOS;11;11;37.2;10;20.1;0.498;3.5;9.4;0.379;6.5;10.7;0.602;0.586;7.6;8.7;0.875;0.7;6.2;6.9;4.1;0.8;1.5;2.5;2.1;31.2
393;Terry Taylor;SG;23;IND;7;2;13.4;1;3;0.333;0.3;1.1;0.25;0.7;1.9;0.385;0.381;0.4;0.6;0.75;0.9;1.3;2.1;0.7;0.3;0.6;0.1;1.3;2.7
394;Garrett Temple;SG;36;NOP;2;0;10.5;1;2;0.5;1;2;0.5;0;0;0;0.75;0;0;0;0;0.5;0.5;0.5;0.5;0;0;1;3
395;Dalen Terry;SG;20;CHI;7;0;3.1;0.3;1;0.286;0;0.3;0;0.3;0.7;0.4;0.286;0;0;0;0;0.3;0.3;0.3;0.1;0.3;0.4;0.1;0.6
396;Cam Thomas;SG;21;BRK;7;0;18.1;2.9;7;0.408;0.7;1.7;0.417;2.1;5.3;0.405;0.459;2.9;3.3;0.87;0.1;1.4;1.6;2.1;0.7;0.3;0.7;1;9.3
397;Klay Thompson;SG;32;GSW;9;9;28;5.6;15.4;0.36;3.1;9.6;0.326;2.4;5.9;0.415;0.46;0.9;1.1;0.8;0.2;2.6;2.8;2.6;0.4;0.4;1.7;1.8;15.1
398;JT Thor;PF;20;CHO;11;0;12.3;1;3;0.333;0.4;1.7;0.211;0.6;1.3;0.5;0.394;0.6;0.8;0.778;0.7;1.7;2.5;0.6;0.2;0.5;0.6;0.6;3
399;Matisse Thybulle;SG;25;PHI;10;1;10.4;0.6;1.8;0.333;0.2;1;0.2;0.4;0.8;0.5;0.389;0.1;0.3;0.333;0.3;0.9;1.2;0.6;0.6;0.4;0.1;1.2;1.5
400;Xavier Tillman Sr.;PF;24;MEM;8;0;11.4;1.5;2.9;0.522;0.1;0.5;0.25;1.4;2.4;0.579;0.543;0.4;1.1;0.333;1.4;1.5;2.9;0.8;0;0.3;0.9;1;3.5
401;Isaiah Todd;PF;21;WAS;3;0;3;0.3;1;0.333;0;0.7;0;0.3;0.3;1;0.333;0;0;0;0;0;0;0;0;0;0;0;0.7
402;Obi Toppin;PF;24;NYK;11;0;17.5;3.9;8.2;0.478;1.6;4.1;0.4;2.3;4.1;0.556;0.578;0.8;0.8;1;0.9;3.1;4;1.2;0.6;0.2;0.9;0.8;10.3
403;Juan Toscano-Anderson;SF;29;LAL;8;0;13.5;0.9;2.6;0.333;0.1;1.3;0.1;0.8;1.4;0.545;0.357;0.5;0.6;0.8;0;2.3;2.3;0.5;0.3;0.4;0.8;1.6;2.4
404;Karl-Anthony Towns;PF;27;MIN;12;12;34.8;7.6;15.1;0.503;2.1;5.8;0.362;5.5;9.3;0.589;0.572;4.1;4.5;0.907;1.8;7.2;8.9;5.5;0.7;0.7;3.2;3.6;21.3
405;Gary Trent Jr.;SG;24;TOR;12;12;33.8;6.3;14.3;0.442;2.6;7.3;0.352;3.8;7;0.536;0.532;2.6;3.3;0.795;0.8;1.3;2;1.6;1.4;0.2;1.1;1.3;17.8
406;P.J. Tucker;PF;37;PHI;11;11;28.5;2.3;4;0.568;0.9;2;0.455;1.4;2;0.682;0.682;0.3;0.4;0.75;1.5;3.1;4.6;0.7;0.5;0.5;1.1;2.7;5.7
407;Myles Turner;C;26;IND;6;6;28.5;5.5;11.2;0.493;1.3;4;0.333;4.2;7.2;0.581;0.552;5.3;6.3;0.842;1.5;7;8.5;1.7;0.3;3.3;2;3.7;17.7
408;Jonas Valan?i?nas;C;30;NOP;11;11;25.1;5.5;10.4;0.535;0.4;1.3;0.286;5.2;9.1;0.57;0.553;3.5;4.2;0.848;3.5;7;10.5;2.3;0.5;0.4;1.5;2;15
409;Jarred Vanderbilt;PF;23;UTA;11;11;25.6;3.6;6.4;0.571;0.5;1.1;0.5;3.1;5.3;0.586;0.614;0.9;1.4;0.667;2.1;6;8.1;2.8;1.5;0.5;1.7;3.9;8.7
410;Fred VanVleet;PG;28;TOR;9;9;37.4;6.1;15;0.407;3.6;8.4;0.421;2.6;6.6;0.39;0.526;3;3.3;0.9;0.7;3.2;3.9;7.2;2.3;0.8;1.2;2.3;18.8
411;Devin Vassell;SG;22;SAS;8;6;31.6;7.6;16.5;0.462;3.5;7.8;0.452;4.1;8.8;0.471;0.568;2.1;2.9;0.739;0.1;3.9;4;4.3;1;0.3;1.4;1.1;20.9
412;Gabe Vincent;PG;26;MIA;11;0;24.5;3.1;7.8;0.395;1.3;4.2;0.304;1.8;3.6;0.5;0.477;1.2;1.5;0.765;0.4;1.8;2.2;3.1;1;0.2;1.6;2.7;8.6
413;Noah Vonleh;C;27;BOS;9;1;11.4;1.1;1.9;0.588;0.1;0.1;1;1;1.8;0.563;0.618;0;0;0;1.4;1.8;3.2;0.2;0.2;0.7;0.9;2.4;2.3
414;Nikola Vu?evi?;C;32;CHI;13;13;31.8;6.2;13;0.473;1.8;4.5;0.397;4.4;8.5;0.514;0.541;2.5;2.7;0.914;2.8;9.1;11.9;3.1;0.2;0.8;2.4;2.5;16.5
415;Dean Wade;PF;26;CLE;11;4;22.8;2.5;4.6;0.529;1.6;3.3;0.5;0.8;1.4;0.6;0.706;0.7;1;0.727;0.5;2.8;3.3;1;0.5;0.4;0.4;2.5;7.3
416;Franz Wagner;SF;21;ORL;12;12;34.4;7.4;15.1;0.492;1;4.1;0.245;6.4;11;0.583;0.525;2.6;3;0.861;1.1;2.8;3.8;4.7;0.9;0.3;2.8;2.2;18.4
417;Jabari Walker;SF;20;POR;6;0;9.3;1;1.8;0.545;0.2;0.5;0.333;0.8;1.3;0.625;0.591;0.2;0.3;0.5;0.5;1.8;2.3;1.2;0.2;0.2;0.2;1;2.3
418;Lonnie Walker IV;SG;24;LAL;9;9;30.9;5.7;12.8;0.443;1.6;5.2;0.298;4.1;7.6;0.544;0.504;2.4;3;0.815;0.6;2.2;2.8;2;1.1;0.8;1.1;2.2;15.3
419;John Wall;PG;32;LAC;9;0;22.3;4.9;11.3;0.431;0.8;3.7;0.212;4.1;7.7;0.536;0.466;1.9;3.3;0.567;0.4;2;2.4;5;1.1;0.3;1.3;1.7;12.4
420;Duane Washington Jr.;SG;22;PHO;4;0;2.3;0.5;2.3;0.222;0;1;0;0.5;1.3;0.4;0.222;0;0;0;0;0;0;0;0;0;0.3;0;1
421;P.J. Washington;PF;24;CHO;12;12;31.2;5.9;13.8;0.428;1.9;5.6;0.343;4;8.3;0.485;0.497;2.2;2.7;0.813;1.3;3.3;4.7;1.8;0.7;1.3;1.8;2.6;15.9
422;Yuta Watanabe;SF;28;BRK;10;0;16;2.2;3.7;0.595;1.2;2.2;0.545;1;1.5;0.667;0.757;0;0.2;0;0.5;1.9;2.4;0.5;0.3;0.6;0.3;1;5.6
423;Lindy Waters III;SG;25;OKC;2;0;8;0.5;3;0.167;0.5;3;0.167;0;0;0;0.25;0;0;0;0.5;0.5;1;0;0;0;0;0;1.5
424;Trendon Watford;PF;22;POR;3;0;18;2;4.7;0.429;0;1;0;2;3.7;0.545;0.429;2.3;2.7;0.875;0.7;2.3;3;3;0.7;0;1.3;2;6.3
425;Peyton Watson;SG;20;DEN;4;0;2.3;0.8;1.8;0.429;0;0;0;0.8;1.8;0.429;0.429;0;0;0;0.5;0.3;0.8;0;0;0;0;0.3;1.5
426;Blake Wesley;SG;19;SAS;2;0;11.5;3;4.5;0.667;1;1.5;0.667;2;3;0.667;0.778;1;2;0.5;0.5;0.5;1;2;0;0;1;1.5;8
427;Russell Westbrook;PG;34;LAL;10;3;29;5.8;13.3;0.436;1.3;4;0.325;4.5;9.3;0.484;0.485;3.2;4;0.8;1;4.6;5.6;6.3;1.4;0.4;3.6;2.4;16.1
428;Coby White;PG;22;CHI;7;0;21.9;3;7.9;0.382;1.4;4.9;0.294;1.6;3;0.524;0.473;0.7;1.3;0.556;0.1;1.6;1.7;1.7;0.7;0;0.9;2;8.1
429;Derrick White;SG;28;BOS;11;9;25.1;2.8;6.2;0.456;1.4;3.2;0.429;1.5;3;0.485;0.566;0.9;1.1;0.833;0.6;3;3.6;2.7;0.5;0.8;0.6;2.9;7.9
430;Jack White;SF;25;DEN;2;0;2;0;0;0;0;0;0;0;0;0;0;0;0;0;0;0.5;0.5;0;0.5;0;0;0;0
431;Aaron Wiggins;SG;24;OKC;8;3;20;1.8;4.5;0.389;0.6;1.9;0.333;1.1;2.6;0.429;0.458;0.9;1.1;0.778;0.8;3.4;4.1;1.4;0.5;0.4;0.9;1.3;5
432;Andrew Wiggins;SF;27;GSW;10;10;34;7;14.6;0.479;2.5;6.2;0.403;4.5;8.4;0.536;0.565;1.7;2.4;0.708;1.7;4.4;6.1;2.8;1.3;1.2;1.2;2.9;18.2
433;Grant Williams;PF;24;BOS;10;2;26.1;2.7;4.4;0.614;1.5;2.9;0.517;1.2;1.5;0.8;0.784;1.3;1.5;0.867;0.7;3.7;4.4;1.5;0.6;0.7;0.8;2.8;8.2
434;Jalen Williams;SG;21;OKC;7;2;20.3;3.1;6;0.524;0.4;1.4;0.3;2.7;4.6;0.594;0.56;0.7;0.7;1;0.3;2;2.3;1.6;1.1;0.4;1.1;2.1;7.4
435;Jaylin Williams;PF;20;OKC;2;0;6.5;1.5;3.5;0.429;0;0.5;0;1.5;3;0.5;0.429;0;0.5;0;2;1.5;3.5;1;0.5;0;0;1;3
436;Kenrich Williams;PF;28;OKC;10;2;20.8;2.6;5.3;0.491;0.6;2;0.3;2;3.3;0.606;0.547;0.2;0.7;0.286;2.2;2.1;4.3;1.7;0.6;0.2;0.4;2.2;6
437;Mark Williams;C;21;CHO;3;0;4.3;1.3;2.3;0.571;0;0;0;1.3;2.3;0.571;0.571;1;1;1;1.3;1.3;2.7;0;0;0;0.7;1;3.7
438;Patrick Williams;PF;21;CHI;13;13;24.8;3.5;7.8;0.446;1;2.8;0.351;2.5;4.9;0.5;0.51;0.9;1;0.923;1.2;2.5;3.7;0.8;0.8;1.1;1.5;2.1;8.8
439;Vince Williams Jr.;SG;22;MEM;3;0;6;0.3;2;0.167;0;1.7;0;0.3;0.3;1;0.167;0;0;0;0.3;0.7;1;0.7;0.7;0.3;0;1.3;0.7
440;Zion Williamson;PF;22;NOP;9;9;32;9.1;16.9;0.539;0.2;0.6;0.4;8.9;16.3;0.544;0.546;4.2;6;0.704;2.3;4.3;6.7;3.8;1.1;0.3;2.7;2.6;22.7
441;Justise Winslow;SF;26;POR;10;3;25.5;3.2;7.6;0.421;0.4;1.5;0.267;2.8;6.1;0.459;0.447;0.7;1;0.7;1.6;2.9;4.5;3.3;1.4;0.5;1.4;2.4;7.5
442;James Wiseman;C;21;GSW;10;0;13.8;2.9;4.8;0.604;0;0;0;2.9;4.8;0.604;0.604;1.5;2.3;0.652;1;3;4;0.9;0.1;0.4;0.8;2.6;7.3
443;Christian Wood;PF;27;DAL;9;0;24.7;5.7;10;0.567;1.3;2.9;0.462;4.3;7.1;0.609;0.633;2.9;4.3;0.667;1.4;6.3;7.8;0.8;0.3;0.6;2.4;2.4;15.6
444;Delon Wright;PG;30;WAS;4;0;22.8;2.5;6;0.417;0.8;3;0.25;1.8;3;0.583;0.479;0.8;1.3;0.6;1;1.5;2.5;3.3;2.8;1;1;1.3;6.5
445;McKinley Wright IV;PG;24;DAL;1;0;5;1;4;0.25;0;1;0;1;3;0.333;0.25;0;0;0;1;1;2;2;1;0;0;0;2
446;Thaddeus Young;PF;34;TOR;9;0;10.8;0.9;2.3;0.381;0.1;0.7;0.167;0.8;1.7;0.467;0.405;0.1;0.2;0.5;1;1.6;2.6;1.1;0.8;0.1;0.4;0.8;2
447;Trae Young;PG;24;ATL;10;10;35.1;8.8;23.3;0.378;2.4;7.7;0.312;6.4;15.6;0.41;0.429;7.6;8.3;0.916;0.9;2.5;3.4;9.4;0.8;0.2;3.2;1.6;27.6
448;Ivica Zubac;C;25;LAC;12;12;30.8;4.2;7;0.595;0;0.1;0;4.2;6.9;0.602;0.595;1.8;3.1;0.595;2.6;8.3;10.8;1.4;0.7;2.4;2;2.7;10.2
